-- phpMyAdmin SQL Dump
-- version 3.5.1
-- http://www.phpmyadmin.net
--
-- Host: localhost
-- Generation Time: Sep 23, 2013 at 06:00 AM
-- Server version: 5.5.24-log
-- PHP Version: 5.3.13

SET SQL_MODE="NO_AUTO_VALUE_ON_ZERO";
SET time_zone = "+00:00";


/*!40101 SET @OLD_CHARACTER_SET_CLIENT=@@CHARACTER_SET_CLIENT */;
/*!40101 SET @OLD_CHARACTER_SET_RESULTS=@@CHARACTER_SET_RESULTS */;
/*!40101 SET @OLD_COLLATION_CONNECTION=@@COLLATION_CONNECTION */;
/*!40101 SET NAMES utf8 */;

--
-- Database: `app`
--

-- --------------------------------------------------------

--
-- Table structure for table `tbl_band`
--

CREATE TABLE IF NOT EXISTS `tbl_band` (
  `id` bigint(20) NOT NULL AUTO_INCREMENT,
  `name` varchar(255) NOT NULL,
  `contact_first_name` varchar(255) NOT NULL,
  `contact_last_name` varchar(255) NOT NULL,
  `contact_number` varchar(50) NOT NULL,
  `contact_address` varchar(255) NOT NULL,
  `contact_email` varchar(50) NOT NULL,
  `notes` text NOT NULL,
  PRIMARY KEY (`id`)
) ENGINE=InnoDB DEFAULT CHARSET=latin1 AUTO_INCREMENT=1 ;

-- --------------------------------------------------------

--
-- Table structure for table `tbl_class_schedule`
--

CREATE TABLE IF NOT EXISTS `tbl_class_schedule` (
  `id` bigint(20) NOT NULL AUTO_INCREMENT,
  `datetime_created` timestamp NOT NULL DEFAULT CURRENT_TIMESTAMP ON UPDATE CURRENT_TIMESTAMP,
  `enrollment_id` bigint(20) NOT NULL,
  `teacher_id` bigint(20) NOT NULL,
  `teacher_schedule_id` bigint(20) NOT NULL,
  `teacher_attended` varchar(10) NOT NULL,
  `teacher_replacement_id` bigint(20) NOT NULL,
  `teacher_salary` float NOT NULL,
  `student_attended` varchar(10) NOT NULL,
  `studio_id` bigint(20) NOT NULL,
  `date_schedule` date NOT NULL,
  `start_time` time NOT NULL,
  `end_time` time NOT NULL,
  `prepared_by_id` bigint(20) NOT NULL,
  `status` int(11) NOT NULL,
  `notes` text NOT NULL,
  PRIMARY KEY (`id`),
  KEY `FK_enrollment` (`enrollment_id`)
) ENGINE=InnoDB  DEFAULT CHARSET=latin1 AUTO_INCREMENT=700 ;

--
-- Dumping data for table `tbl_class_schedule`
--

INSERT INTO `tbl_class_schedule` (`id`, `datetime_created`, `enrollment_id`, `teacher_id`, `teacher_schedule_id`, `teacher_attended`, `teacher_replacement_id`, `teacher_salary`, `student_attended`, `studio_id`, `date_schedule`, `start_time`, `end_time`, `prepared_by_id`, `status`, `notes`) VALUES
(66, '2013-08-25 16:57:46', 42, 18, 91, '', 0, 0, '', 22, '2013-11-09', '09:00:01', '10:00:00', 45, 0, ''),
(68, '2013-08-25 17:01:39', 42, 18, 91, '', 0, 0, '', 22, '2013-09-21', '09:00:01', '10:00:00', 45, 0, ''),
(69, '2013-08-25 17:02:13', 42, 18, 91, '', 0, 0, '', 22, '2013-09-28', '09:00:01', '10:00:00', 45, 0, ''),
(70, '2013-08-25 17:02:53', 42, 18, 91, '', 0, 0, '', 22, '2013-10-05', '09:00:01', '10:00:00', 45, 0, ''),
(71, '2013-08-25 17:03:45', 42, 18, 91, '', 0, 0, '', 22, '2013-10-12', '09:00:01', '10:00:00', 45, 0, ''),
(72, '2013-08-25 17:04:49', 42, 18, 91, '', 0, 0, '', 22, '2013-10-19', '09:00:01', '10:00:00', 45, 0, ''),
(73, '2013-08-25 17:05:39', 42, 18, 91, '', 0, 0, '', 22, '2013-10-26', '09:00:01', '10:00:00', 45, 0, ''),
(74, '2013-08-25 17:06:30', 42, 18, 91, '', 0, 0, '', 22, '2013-11-16', '09:00:01', '10:00:00', 45, 0, ''),
(75, '2013-08-25 17:07:18', 42, 18, 91, '', 0, 0, '', 22, '2013-11-23', '09:00:01', '10:00:00', 45, 0, ''),
(76, '2013-08-25 17:07:51', 42, 18, 91, '', 0, 0, '', 22, '2013-11-30', '09:00:01', '10:00:00', 45, 0, ''),
(79, '2013-08-25 18:08:16', 42, 18, 91, '1', 18, 125, '1', 22, '2013-09-14', '09:00:01', '10:00:00', 45, 1, ''),
(81, '2013-09-02 07:51:51', 44, 21, 151, '', 0, 0, '', 20, '2013-09-21', '09:00:01', '10:00:00', 45, 0, ''),
(82, '2013-09-02 07:51:51', 44, 21, 151, '', 0, 0, '', 20, '2013-09-28', '09:00:01', '10:00:00', 45, 0, ''),
(83, '2013-09-02 07:51:51', 44, 21, 151, '', 0, 0, '', 20, '2013-10-05', '09:00:01', '10:00:00', 45, 0, ''),
(84, '2013-09-02 07:51:51', 44, 21, 151, '', 0, 0, '', 20, '2013-10-12', '09:00:01', '10:00:00', 45, 0, ''),
(85, '2013-09-02 07:51:51', 44, 21, 151, '', 0, 0, '', 20, '2013-10-19', '09:00:01', '10:00:00', 45, 0, ''),
(86, '2013-09-02 07:51:51', 44, 21, 151, '', 0, 0, '', 20, '2013-10-26', '09:00:01', '10:00:00', 45, 0, ''),
(87, '2013-09-02 07:51:51', 44, 21, 151, '', 0, 0, '', 20, '2013-11-02', '09:00:01', '10:00:00', 45, 0, ''),
(88, '2013-09-02 07:51:51', 44, 21, 151, '', 0, 0, '', 20, '2013-11-09', '09:00:01', '10:00:00', 45, 0, ''),
(89, '2013-09-02 07:51:51', 44, 21, 151, '', 0, 0, '', 20, '2013-11-16', '09:00:01', '10:00:00', 45, 0, ''),
(90, '2013-09-02 07:51:51', 44, 21, 151, '', 0, 0, '', 20, '2013-11-23', '09:00:01', '10:00:00', 45, 0, ''),
(91, '2013-09-02 07:51:51', 44, 21, 151, '', 0, 0, '', 20, '2013-11-30', '09:00:01', '10:00:00', 45, 0, ''),
(105, '2013-09-04 02:23:58', 46, 12, 674, '1', 12, 125, '1', 24, '2013-09-13', '17:00:01', '18:00:00', 49, 1, ''),
(106, '2013-09-04 02:23:58', 46, 12, 674, '', 0, 0, '', 24, '2013-09-20', '17:00:01', '18:00:00', 49, 0, ''),
(107, '2013-09-04 02:23:58', 46, 12, 674, '', 0, 0, '', 24, '2013-09-27', '17:00:01', '18:00:00', 49, 0, ''),
(108, '2013-09-04 02:23:58', 46, 12, 674, '', 0, 0, '', 24, '2013-10-04', '17:00:01', '18:00:00', 49, 0, ''),
(109, '2013-09-04 02:23:58', 46, 12, 674, '', 0, 0, '', 24, '2013-10-11', '17:00:01', '18:00:00', 49, 0, ''),
(110, '2013-09-04 02:23:58', 46, 12, 674, '', 0, 0, '', 24, '2013-10-18', '17:00:01', '18:00:00', 49, 0, ''),
(111, '2013-09-04 02:23:58', 46, 12, 674, '', 0, 0, '', 24, '2013-10-25', '17:00:01', '18:00:00', 49, 0, ''),
(112, '2013-09-04 02:23:58', 46, 12, 674, '', 0, 0, '', 24, '2013-11-01', '17:00:01', '18:00:00', 49, 0, ''),
(113, '2013-09-04 02:23:58', 46, 12, 674, '', 0, 0, '', 24, '2013-11-08', '17:00:01', '18:00:00', 49, 0, ''),
(114, '2013-09-04 02:26:24', 46, 12, 674, '', 0, 0, '', 24, '2013-11-15', '17:00:01', '18:00:00', 49, 0, ''),
(115, '2013-09-04 02:26:24', 46, 12, 674, '', 0, 0, '', 24, '2013-11-22', '17:00:01', '18:00:00', 49, 0, ''),
(116, '2013-09-04 02:26:24', 46, 12, 674, '', 0, 0, '', 24, '2013-11-29', '17:00:01', '18:00:00', 49, 0, ''),
(119, '2013-09-04 02:30:44', 47, 17, 351, '1', 17, 125, '1', 21, '2013-09-16', '16:00:01', '17:00:00', 49, 1, ''),
(120, '2013-09-04 02:30:44', 47, 17, 351, '', 0, 0, '', 21, '2013-09-23', '16:00:01', '17:00:00', 49, 0, ''),
(121, '2013-09-04 02:30:44', 47, 17, 351, '', 0, 0, '', 21, '2013-09-30', '16:00:01', '17:00:00', 49, 0, ''),
(122, '2013-09-04 02:30:44', 47, 17, 351, '', 0, 0, '', 21, '2013-10-07', '16:00:01', '17:00:00', 49, 0, ''),
(123, '2013-09-04 02:30:44', 47, 17, 351, '', 0, 0, '', 21, '2013-10-14', '16:00:01', '17:00:00', 49, 0, ''),
(124, '2013-09-04 02:30:44', 47, 17, 351, '', 0, 0, '', 21, '2013-10-21', '16:00:01', '17:00:00', 49, 0, ''),
(130, '2013-09-04 02:36:30', 48, 12, 684, '0', 13, 125, '1', 24, '2013-09-14', '15:00:01', '16:00:00', 45, 1, ''),
(131, '2013-09-04 02:36:30', 48, 12, 684, '', 0, 0, '', 24, '2013-09-21', '15:00:01', '16:00:00', 49, 0, ''),
(132, '2013-09-04 02:36:30', 48, 12, 684, '', 0, 0, '', 24, '2013-09-28', '15:00:01', '16:00:00', 49, 0, ''),
(133, '2013-09-04 02:36:30', 48, 12, 684, '', 0, 0, '', 24, '2013-10-05', '15:00:01', '16:00:00', 49, 0, ''),
(134, '2013-09-04 02:36:30', 48, 12, 684, '', 0, 0, '', 24, '2013-10-12', '15:00:01', '16:00:00', 49, 0, ''),
(135, '2013-09-04 02:36:30', 48, 12, 684, '', 0, 0, '', 24, '2013-10-19', '15:00:01', '16:00:00', 49, 0, ''),
(136, '2013-09-04 02:36:30', 48, 12, 684, '', 0, 0, '', 24, '2013-10-26', '15:00:01', '16:00:00', 49, 0, ''),
(137, '2013-09-04 02:36:30', 48, 12, 684, '', 0, 0, '', 24, '2013-11-02', '15:00:01', '16:00:00', 49, 0, ''),
(138, '2013-09-04 02:36:30', 48, 12, 684, '', 0, 0, '', 24, '2013-11-09', '15:00:01', '16:00:00', 49, 0, ''),
(139, '2013-09-04 02:36:30', 48, 12, 684, '', 0, 0, '', 24, '2013-11-16', '15:00:01', '16:00:00', 49, 0, ''),
(140, '2013-09-04 02:36:30', 48, 12, 684, '', 0, 0, '', 24, '2013-11-23', '15:00:01', '16:00:00', 49, 0, ''),
(141, '2013-09-04 02:37:33', 48, 12, 684, '', 0, 0, '', 24, '2013-11-30', '15:00:01', '16:00:00', 49, 0, ''),
(142, '2013-09-04 02:41:11', 49, 18, 116, '0', 10, 125, '1', 22, '2013-09-14', '15:00:01', '16:00:00', 45, 1, ''),
(143, '2013-09-04 02:41:11', 49, 18, 116, '', 0, 0, '', 22, '2013-09-21', '15:00:01', '16:00:00', 49, 0, ''),
(144, '2013-09-04 02:41:11', 49, 18, 116, '', 0, 0, '', 22, '2013-10-05', '15:00:01', '16:00:00', 49, 0, ''),
(145, '2013-09-04 02:41:11', 49, 18, 116, '', 0, 0, '', 22, '2013-09-28', '15:00:01', '16:00:00', 49, 0, ''),
(147, '2013-09-04 02:41:11', 49, 18, 116, '', 0, 0, '', 22, '2013-11-09', '15:00:01', '16:00:00', 49, 0, ''),
(148, '2013-09-04 02:41:11', 49, 18, 116, '', 0, 0, '', 22, '2013-11-16', '15:00:01', '16:00:00', 49, 0, ''),
(149, '2013-09-04 02:41:11', 49, 18, 116, '', 0, 0, '', 22, '2013-11-23', '15:00:01', '16:00:00', 49, 0, ''),
(150, '2013-09-04 02:41:11', 49, 18, 116, '', 0, 0, '', 22, '2013-11-30', '15:00:01', '16:00:00', 49, 0, ''),
(154, '2013-09-04 02:44:45', 50, 11, 388, '0', 0, 0, '0', 12, '2013-09-14', '10:00:01', '11:00:00', 22, 1, 'Teacher Raffy cancelled class'),
(155, '2013-09-04 02:44:45', 50, 11, 388, '', 0, 0, '', 12, '2013-09-21', '10:00:01', '11:00:00', 49, 0, ''),
(156, '2013-09-04 02:44:45', 50, 11, 388, '', 0, 0, '', 12, '2013-09-28', '10:00:01', '11:00:00', 49, 0, ''),
(157, '2013-09-04 02:44:45', 50, 11, 388, '', 0, 0, '', 12, '2013-10-05', '10:00:01', '11:00:00', 49, 0, ''),
(158, '2013-09-04 02:44:45', 50, 11, 388, '', 0, 0, '', 12, '2013-10-12', '10:00:01', '11:00:00', 49, 0, ''),
(159, '2013-09-04 02:44:45', 50, 11, 388, '', 0, 0, '', 12, '2013-10-19', '10:00:01', '11:00:00', 49, 0, ''),
(160, '2013-09-04 02:44:45', 50, 11, 388, '', 0, 0, '', 12, '2013-10-26', '10:00:01', '11:00:00', 49, 0, ''),
(161, '2013-09-04 02:44:45', 50, 11, 388, '', 0, 0, '', 12, '2013-11-02', '10:00:01', '11:00:00', 49, 0, ''),
(162, '2013-09-04 02:44:45', 50, 11, 388, '', 0, 0, '', 12, '2013-11-09', '10:00:01', '11:00:00', 49, 0, ''),
(163, '2013-09-04 02:44:45', 50, 11, 388, '', 0, 0, '', 12, '2013-11-16', '10:00:01', '11:00:00', 49, 0, ''),
(164, '2013-09-04 02:44:46', 50, 11, 388, '', 0, 0, '', 12, '2013-11-23', '10:00:01', '11:00:00', 49, 0, ''),
(165, '2013-09-04 02:45:27', 50, 11, 388, '', 0, 0, '', 12, '2013-11-30', '10:00:01', '11:00:00', 49, 0, ''),
(166, '2013-09-04 02:52:10', 51, 17, 376, '', 0, 0, '', 21, '2013-09-13', '18:00:01', '19:00:00', 49, 0, ''),
(167, '2013-09-04 02:52:10', 51, 17, 376, '', 0, 0, '', 21, '2013-09-20', '18:00:01', '19:00:00', 49, 0, ''),
(168, '2013-09-04 02:52:10', 51, 17, 376, '', 0, 0, '', 21, '2013-09-27', '18:00:01', '19:00:00', 49, 0, ''),
(169, '2013-09-04 02:52:10', 51, 17, 376, '', 0, 0, '', 21, '2013-10-04', '18:00:01', '19:00:00', 49, 0, ''),
(170, '2013-09-04 02:52:10', 51, 17, 376, '', 0, 0, '', 21, '2013-10-11', '18:00:01', '19:00:00', 49, 0, ''),
(171, '2013-09-04 02:52:10', 51, 17, 376, '', 0, 0, '', 21, '2013-10-18', '18:00:01', '19:00:00', 49, 0, ''),
(172, '2013-09-04 02:52:10', 51, 17, 376, '', 0, 0, '', 21, '2013-10-25', '18:00:01', '19:00:00', 49, 0, ''),
(173, '2013-09-04 02:52:10', 51, 17, 376, '', 0, 0, '', 21, '2013-11-01', '18:00:01', '19:00:00', 49, 0, ''),
(174, '2013-09-04 02:52:10', 51, 17, 376, '', 0, 0, '', 21, '2013-11-08', '18:00:01', '19:00:00', 49, 0, ''),
(175, '2013-09-04 02:52:10', 51, 17, 376, '', 0, 0, '', 21, '2013-11-15', '18:00:01', '19:00:00', 49, 0, ''),
(176, '2013-09-04 02:52:10', 51, 17, 376, '', 0, 0, '', 21, '2013-11-22', '18:00:01', '19:00:00', 49, 0, ''),
(177, '2013-09-04 02:52:10', 51, 17, 376, '', 0, 0, '', 21, '2013-11-29', '18:00:01', '19:00:00', 49, 0, ''),
(180, '2013-09-04 02:58:57', 52, 10, 566, '', 0, 0, '', 23, '2013-09-21', '15:00:01', '16:00:00', 49, 0, ''),
(181, '2013-09-04 02:58:57', 52, 10, 566, '', 0, 0, '', 23, '2013-09-28', '15:00:01', '16:00:00', 49, 0, ''),
(182, '2013-09-04 02:58:57', 52, 10, 566, '', 0, 0, '', 23, '2013-10-05', '15:00:01', '16:00:00', 49, 0, ''),
(183, '2013-09-04 02:58:57', 52, 10, 566, '', 0, 0, '', 23, '2013-10-12', '15:00:01', '16:00:00', 49, 0, ''),
(184, '2013-09-04 02:58:57', 52, 10, 566, '', 0, 0, '', 23, '2013-10-19', '15:00:01', '16:00:00', 49, 0, ''),
(185, '2013-09-04 02:58:57', 52, 10, 566, '', 0, 0, '', 23, '2013-10-26', '15:00:01', '16:00:00', 49, 0, ''),
(186, '2013-09-04 02:58:57', 52, 10, 566, '', 0, 0, '', 23, '2013-11-09', '15:00:01', '16:00:00', 49, 0, ''),
(187, '2013-09-04 03:07:37', 49, 18, 116, '', 0, 0, '', 22, '2013-10-12', '15:00:01', '16:00:00', 49, 0, ''),
(188, '2013-09-04 03:07:37', 49, 18, 116, '', 0, 0, '', 22, '2013-10-19', '15:00:01', '16:00:00', 49, 0, ''),
(189, '2013-09-04 03:07:37', 49, 18, 116, '', 0, 0, '', 22, '2013-10-26', '15:00:01', '16:00:00', 49, 0, ''),
(190, '2013-09-04 03:07:37', 49, 18, 116, '', 0, 0, '', 22, '2013-11-02', '15:00:01', '16:00:00', 49, 0, ''),
(191, '2013-09-04 03:13:37', 52, 10, 566, '', 0, 0, '', 23, '2013-11-02', '15:00:01', '16:00:00', 49, 0, ''),
(192, '2013-09-04 03:13:37', 52, 10, 566, '', 0, 0, '', 23, '2013-11-16', '15:00:01', '16:00:00', 49, 0, ''),
(193, '2013-09-04 03:13:37', 52, 10, 566, '', 0, 0, '', 23, '2013-11-23', '15:00:01', '16:00:00', 49, 0, ''),
(194, '2013-09-04 03:13:37', 52, 10, 566, '', 0, 0, '', 23, '2013-11-30', '15:00:01', '16:00:00', 49, 0, ''),
(209, '2013-09-04 03:28:06', 55, 18, 111, '1', 18, 125, '1', 22, '2013-09-14', '14:00:01', '15:00:00', 45, 1, ''),
(210, '2013-09-04 03:28:06', 55, 18, 111, '', 0, 0, '', 22, '2013-09-21', '14:00:01', '15:00:00', 49, 0, ''),
(211, '2013-09-04 03:28:06', 55, 18, 111, '', 0, 0, '', 22, '2013-09-28', '14:00:01', '15:00:00', 49, 0, ''),
(212, '2013-09-04 03:28:06', 55, 18, 111, '', 0, 0, '', 22, '2013-10-05', '14:00:01', '15:00:00', 49, 0, ''),
(213, '2013-09-04 03:28:06', 55, 18, 111, '', 0, 0, '', 22, '2013-10-12', '14:00:01', '15:00:00', 49, 0, ''),
(214, '2013-09-04 03:28:06', 55, 18, 111, '', 0, 0, '', 22, '2013-10-19', '14:00:01', '15:00:00', 49, 0, ''),
(215, '2013-09-04 03:28:06', 55, 18, 111, '', 0, 0, '', 22, '2013-10-26', '14:00:01', '15:00:00', 49, 0, ''),
(216, '2013-09-04 03:28:06', 55, 18, 111, '', 0, 0, '', 22, '2013-11-02', '14:00:01', '15:00:00', 49, 0, ''),
(217, '2013-09-04 03:28:06', 55, 18, 111, '', 0, 0, '', 22, '2013-11-09', '14:00:01', '15:00:00', 49, 0, ''),
(218, '2013-09-04 03:28:06', 55, 18, 111, '', 0, 0, '', 22, '2013-11-16', '14:00:01', '15:00:00', 49, 0, ''),
(219, '2013-09-04 03:28:06', 55, 18, 111, '', 0, 0, '', 22, '2013-11-23', '14:00:01', '15:00:00', 49, 0, ''),
(220, '2013-09-04 03:28:06', 55, 18, 111, '', 0, 0, '', 22, '2013-11-30', '14:00:01', '15:00:00', 49, 0, ''),
(221, '2013-09-04 03:32:10', 42, 18, 91, '', 0, 0, '', 22, '2013-11-02', '09:00:01', '10:00:00', 49, 0, ''),
(222, '2013-09-04 03:36:22', 56, 21, 155, '', 0, 0, '', 20, '2013-09-21', '13:00:01', '14:00:00', 49, 0, ''),
(223, '2013-09-04 03:36:22', 56, 21, 155, '1', 21, 125, '1', 20, '2013-09-14', '13:00:01', '14:00:00', 45, 1, ''),
(224, '2013-09-04 03:36:22', 56, 21, 155, '', 0, 0, '', 20, '2013-09-28', '13:00:01', '14:00:00', 49, 0, ''),
(225, '2013-09-04 03:36:22', 56, 21, 155, '', 0, 0, '', 20, '2013-10-05', '13:00:01', '14:00:00', 49, 0, ''),
(226, '2013-09-04 03:36:22', 56, 21, 155, '', 0, 0, '', 20, '2013-10-12', '13:00:01', '14:00:00', 49, 0, ''),
(227, '2013-09-04 03:36:22', 56, 21, 155, '', 0, 0, '', 20, '2013-10-19', '13:00:01', '14:00:00', 49, 0, ''),
(228, '2013-09-04 03:36:22', 56, 21, 155, '', 0, 0, '', 20, '2013-10-26', '13:00:01', '14:00:00', 49, 0, ''),
(229, '2013-09-04 03:36:22', 56, 21, 155, '', 0, 0, '', 20, '2013-11-02', '13:00:01', '14:00:00', 49, 0, ''),
(230, '2013-09-04 03:36:22', 56, 21, 155, '', 0, 0, '', 20, '2013-11-09', '13:00:01', '14:00:00', 49, 0, ''),
(231, '2013-09-04 03:36:22', 56, 21, 155, '', 0, 0, '', 20, '2013-11-16', '13:00:01', '14:00:00', 49, 0, ''),
(232, '2013-09-04 03:36:22', 56, 21, 155, '', 0, 0, '', 20, '2013-11-23', '13:00:01', '14:00:00', 49, 0, ''),
(233, '2013-09-04 03:36:22', 56, 21, 155, '', 0, 0, '', 20, '2013-11-30', '13:00:01', '14:00:00', 49, 0, ''),
(258, '2013-09-04 03:45:59', 58, 17, 382, '0', 0, 0, '0', 21, '2013-09-14', '12:00:01', '13:00:00', 22, 1, 'Move to Sept 21'),
(259, '2013-09-04 03:45:59', 58, 17, 382, '', 0, 0, '', 21, '2013-09-21', '12:00:01', '13:00:00', 49, 0, ''),
(260, '2013-09-04 03:45:59', 58, 17, 382, '', 0, 0, '', 21, '2013-09-28', '12:00:01', '13:00:00', 49, 0, ''),
(261, '2013-09-04 03:45:59', 58, 17, 382, '', 0, 0, '', 21, '2013-10-05', '12:00:01', '13:00:00', 49, 0, ''),
(262, '2013-09-04 03:45:59', 58, 17, 382, '', 0, 0, '', 21, '2013-10-12', '12:00:01', '13:00:00', 49, 0, ''),
(263, '2013-09-04 03:45:59', 58, 17, 382, '', 0, 0, '', 21, '2013-10-19', '12:00:01', '13:00:00', 49, 0, ''),
(264, '2013-09-04 03:45:59', 58, 17, 382, '', 0, 0, '', 21, '2013-10-26', '12:00:01', '13:00:00', 49, 0, ''),
(265, '2013-09-04 03:45:59', 58, 17, 382, '', 0, 0, '', 21, '2013-11-02', '12:00:01', '13:00:00', 49, 0, ''),
(266, '2013-09-04 03:45:59', 58, 17, 382, '', 0, 0, '', 21, '2013-11-09', '12:00:01', '13:00:00', 49, 0, ''),
(267, '2013-09-04 03:45:59', 58, 17, 382, '', 0, 0, '', 21, '2013-11-16', '12:00:01', '13:00:00', 49, 0, ''),
(268, '2013-09-04 03:45:59', 58, 17, 382, '', 0, 0, '', 21, '2013-11-23', '12:00:01', '13:00:00', 49, 0, ''),
(269, '2013-09-04 03:45:59', 58, 17, 382, '', 0, 0, '', 21, '2013-11-30', '12:00:01', '13:00:00', 49, 0, ''),
(270, '2013-09-04 03:50:17', 59, 14, 246, '0', 0, 0, '0', 26, '2013-09-14', '13:00:01', '14:00:00', 22, 1, 'move to next week'),
(271, '2013-09-04 03:50:17', 59, 14, 246, '', 0, 0, '', 26, '2013-09-21', '13:00:01', '14:00:00', 49, 0, ''),
(272, '2013-09-04 03:50:17', 59, 14, 246, '', 0, 0, '', 26, '2013-09-28', '13:00:01', '14:00:00', 49, 0, ''),
(273, '2013-09-04 03:50:17', 59, 14, 246, '', 0, 0, '', 26, '2013-10-05', '13:00:01', '14:00:00', 49, 0, ''),
(274, '2013-09-04 03:50:17', 59, 14, 246, '', 0, 0, '', 26, '2013-10-12', '13:00:01', '14:00:00', 49, 0, ''),
(275, '2013-09-04 03:50:17', 59, 14, 246, '', 0, 0, '', 26, '2013-10-19', '13:00:01', '14:00:00', 49, 0, ''),
(276, '2013-09-04 03:50:17', 59, 14, 246, '', 0, 0, '', 26, '2013-10-26', '13:00:01', '14:00:00', 49, 0, ''),
(277, '2013-09-04 03:50:17', 59, 14, 246, '', 0, 0, '', 26, '2013-11-09', '13:00:01', '14:00:00', 49, 0, ''),
(278, '2013-09-04 03:50:17', 59, 14, 246, '', 0, 0, '', 26, '2013-11-02', '13:00:01', '14:00:00', 49, 0, ''),
(279, '2013-09-04 03:50:17', 59, 14, 246, '', 0, 0, '', 26, '2013-11-16', '13:00:01', '14:00:00', 49, 0, ''),
(280, '2013-09-04 03:50:17', 59, 14, 246, '', 0, 0, '', 26, '2013-11-23', '13:00:01', '14:00:00', 49, 0, ''),
(281, '2013-09-04 03:50:17', 59, 14, 246, '', 0, 0, '', 26, '2013-11-30', '13:00:01', '14:00:00', 49, 0, ''),
(285, '2013-09-04 04:34:45', 53, 14, 248, '1', 14, 125, '1', 26, '2013-09-14', '15:00:01', '16:00:00', 45, 1, ''),
(286, '2013-09-04 04:34:45', 53, 14, 248, '', 0, 0, '', 26, '2013-09-21', '15:00:01', '16:00:00', 49, 0, ''),
(287, '2013-09-04 04:34:45', 53, 14, 248, '', 0, 0, '', 26, '2013-09-28', '15:00:01', '16:00:00', 49, 0, ''),
(288, '2013-09-04 04:34:45', 53, 14, 248, '', 0, 0, '', 26, '2013-10-05', '15:00:01', '16:00:00', 49, 0, ''),
(289, '2013-09-04 04:34:45', 53, 14, 248, '', 0, 0, '', 26, '2013-10-12', '15:00:01', '16:00:00', 49, 0, ''),
(290, '2013-09-04 04:34:45', 53, 14, 248, '', 0, 0, '', 26, '2013-10-19', '15:00:01', '16:00:00', 49, 0, ''),
(291, '2013-09-04 04:34:45', 53, 14, 248, '', 0, 0, '', 26, '2013-10-26', '15:00:01', '16:00:00', 49, 0, ''),
(292, '2013-09-04 04:34:45', 53, 14, 248, '', 0, 0, '', 26, '2013-11-02', '15:00:01', '16:00:00', 49, 0, ''),
(293, '2013-09-04 04:34:45', 53, 14, 248, '', 0, 0, '', 26, '2013-11-09', '15:00:01', '16:00:00', 49, 0, ''),
(294, '2013-09-04 04:34:45', 53, 14, 248, '', 0, 0, '', 26, '2013-11-16', '15:00:01', '16:00:00', 49, 0, ''),
(295, '2013-09-04 04:34:45', 53, 14, 248, '', 0, 0, '', 26, '2013-11-30', '15:00:01', '16:00:00', 49, 0, ''),
(296, '2013-09-04 04:34:45', 53, 14, 248, '', 0, 0, '', 26, '2013-11-23', '15:00:01', '16:00:00', 49, 0, ''),
(311, '2013-09-04 04:43:37', 61, 17, 379, '', 0, 0, '', 21, '2013-09-28', '10:00:01', '11:00:00', 49, 0, ''),
(312, '2013-09-04 04:43:37', 61, 17, 379, '', 0, 0, '', 21, '2013-10-05', '10:00:01', '11:00:00', 49, 0, ''),
(313, '2013-09-04 04:43:37', 61, 17, 379, '', 0, 0, '', 21, '2013-10-12', '10:00:01', '11:00:00', 49, 0, ''),
(314, '2013-09-04 04:43:37', 61, 17, 379, '', 0, 0, '', 21, '2013-10-19', '10:00:01', '11:00:00', 49, 0, ''),
(315, '2013-09-04 04:43:38', 61, 17, 379, '', 0, 0, '', 21, '2013-10-26', '10:00:01', '11:00:00', 49, 0, ''),
(316, '2013-09-04 04:43:38', 61, 17, 379, '', 0, 0, '', 21, '2013-11-02', '10:00:01', '11:00:00', 49, 0, ''),
(317, '2013-09-04 04:43:38', 61, 17, 379, '', 0, 0, '', 21, '2013-11-09', '10:00:01', '11:00:00', 49, 0, ''),
(318, '2013-09-04 04:43:38', 61, 17, 379, '', 0, 0, '', 21, '2013-11-16', '10:00:01', '11:00:00', 49, 0, ''),
(319, '2013-09-04 04:43:38', 61, 17, 379, '', 0, 0, '', 21, '2013-11-23', '10:00:01', '11:00:00', 49, 0, ''),
(320, '2013-09-04 04:43:38', 61, 17, 379, '', 0, 0, '', 21, '2013-11-30', '10:00:01', '11:00:00', 49, 0, ''),
(321, '2013-09-04 04:47:24', 62, 17, 377, '1', 17, 125, '1', 21, '2013-09-14', '09:00:01', '10:00:00', 45, 1, ''),
(322, '2013-09-04 04:47:24', 62, 17, 377, '', 0, 0, '', 21, '2013-09-21', '09:00:01', '10:00:00', 49, 0, ''),
(323, '2013-09-04 04:47:24', 62, 17, 377, '', 0, 0, '', 21, '2013-09-28', '09:00:01', '10:00:00', 49, 0, ''),
(324, '2013-09-04 04:47:24', 62, 17, 377, '', 0, 0, '', 21, '2013-10-05', '09:00:01', '10:00:00', 49, 0, ''),
(325, '2013-09-04 04:47:24', 62, 17, 377, '', 0, 0, '', 21, '2013-10-12', '09:00:01', '10:00:00', 49, 0, ''),
(326, '2013-09-04 04:47:24', 62, 17, 377, '', 0, 0, '', 21, '2013-10-19', '09:00:01', '10:00:00', 49, 0, ''),
(327, '2013-09-04 04:47:24', 62, 17, 377, '', 0, 0, '', 21, '2013-10-26', '09:00:01', '10:00:00', 49, 0, ''),
(328, '2013-09-04 04:47:24', 62, 17, 377, '', 0, 0, '', 21, '2013-11-02', '09:00:01', '10:00:00', 49, 0, ''),
(329, '2013-09-04 04:47:24', 62, 17, 377, '', 0, 0, '', 21, '2013-11-09', '09:00:01', '10:00:00', 49, 0, ''),
(330, '2013-09-04 04:47:24', 62, 17, 377, '', 0, 0, '', 21, '2013-11-16', '09:00:01', '10:00:00', 49, 0, ''),
(331, '2013-09-04 04:47:24', 62, 17, 377, '', 0, 0, '', 21, '2013-11-23', '09:00:01', '10:00:00', 49, 0, ''),
(332, '2013-09-04 04:47:24', 62, 17, 377, '', 0, 0, '', 21, '2013-11-30', '09:00:01', '10:00:00', 49, 0, ''),
(333, '2013-09-04 04:51:44', 63, 21, 152, '1', 21, 125, '1', 20, '2013-09-14', '10:00:01', '11:00:00', 45, 1, ''),
(334, '2013-09-04 04:51:44', 63, 21, 152, '', 0, 0, '', 20, '2013-09-21', '10:00:01', '11:00:00', 49, 0, ''),
(335, '2013-09-04 04:51:44', 63, 21, 152, '', 0, 0, '', 20, '2013-09-28', '10:00:01', '11:00:00', 49, 0, ''),
(336, '2013-09-04 04:51:44', 63, 21, 152, '', 0, 0, '', 20, '2013-10-05', '10:00:01', '11:00:00', 49, 0, ''),
(337, '2013-09-04 04:51:44', 63, 21, 152, '', 0, 0, '', 20, '2013-10-12', '10:00:01', '11:00:00', 49, 0, ''),
(338, '2013-09-04 04:51:44', 63, 21, 152, '', 0, 0, '', 20, '2013-10-19', '10:00:01', '11:00:00', 49, 0, ''),
(339, '2013-09-04 04:51:44', 63, 21, 152, '', 0, 0, '', 20, '2013-10-26', '10:00:01', '11:00:00', 49, 0, ''),
(340, '2013-09-04 04:51:44', 63, 21, 152, '', 0, 0, '', 20, '2013-11-02', '10:00:01', '11:00:00', 49, 0, ''),
(341, '2013-09-04 04:51:44', 63, 21, 152, '', 0, 0, '', 20, '2013-11-09', '10:00:01', '11:00:00', 49, 0, ''),
(342, '2013-09-04 04:51:44', 63, 21, 152, '', 0, 0, '', 20, '2013-11-16', '10:00:01', '11:00:00', 49, 0, ''),
(343, '2013-09-04 04:51:44', 63, 21, 152, '', 0, 0, '', 20, '2013-11-23', '10:00:01', '11:00:00', 49, 0, ''),
(344, '2013-09-04 04:51:44', 63, 21, 152, '', 0, 0, '', 20, '2013-11-30', '10:00:01', '11:00:00', 49, 0, ''),
(357, '2013-09-04 05:01:02', 65, 15, 333, '1', 15, 125, '1', 25, '2013-09-14', '13:00:01', '14:00:00', 45, 1, ''),
(358, '2013-09-04 05:01:02', 65, 15, 333, '', 0, 0, '', 25, '2013-09-21', '13:00:01', '14:00:00', 49, 0, ''),
(359, '2013-09-04 05:01:02', 65, 15, 333, '', 0, 0, '', 25, '2013-09-28', '13:00:01', '14:00:00', 49, 0, ''),
(360, '2013-09-04 05:01:02', 65, 15, 333, '', 0, 0, '', 25, '2013-10-05', '13:00:01', '14:00:00', 49, 0, ''),
(361, '2013-09-04 05:01:02', 65, 15, 333, '', 0, 0, '', 25, '2013-10-12', '13:00:01', '14:00:00', 49, 0, ''),
(362, '2013-09-04 05:01:02', 65, 15, 333, '', 0, 0, '', 25, '2013-10-19', '13:00:01', '14:00:00', 49, 0, ''),
(363, '2013-09-04 05:01:02', 65, 15, 333, '', 0, 0, '', 25, '2013-10-26', '13:00:01', '14:00:00', 49, 0, ''),
(364, '2013-09-04 05:01:02', 65, 15, 333, '', 0, 0, '', 25, '2013-11-02', '13:00:01', '14:00:00', 49, 0, ''),
(365, '2013-09-04 05:01:02', 65, 15, 333, '', 0, 0, '', 25, '2013-11-09', '13:00:01', '14:00:00', 49, 0, ''),
(366, '2013-09-04 05:01:02', 65, 15, 333, '', 0, 0, '', 25, '2013-11-16', '13:00:01', '14:00:00', 49, 0, ''),
(367, '2013-09-04 05:01:02', 65, 15, 333, '', 0, 0, '', 25, '2013-11-23', '13:00:01', '14:00:00', 49, 0, ''),
(368, '2013-09-04 05:01:02', 65, 15, 333, '', 0, 0, '', 25, '2013-11-30', '13:00:01', '14:00:00', 49, 0, ''),
(374, '2013-09-04 05:22:29', 66, 17, 358, '', 0, 0, '', 21, '2013-10-08', '16:00:01', '17:00:00', 49, 0, ''),
(376, '2013-09-04 05:22:29', 66, 17, 358, '', 0, 0, '', 21, '2013-10-22', '16:00:01', '17:00:00', 49, 0, ''),
(377, '2013-09-04 05:22:29', 66, 17, 358, '', 0, 0, '', 21, '2013-10-29', '16:00:01', '17:00:00', 49, 0, ''),
(378, '2013-09-04 05:22:29', 66, 17, 358, '', 0, 0, '', 21, '2013-11-05', '16:00:01', '17:00:00', 49, 0, ''),
(379, '2013-09-04 05:22:29', 66, 17, 358, '', 0, 0, '', 21, '2013-11-12', '16:00:01', '17:00:00', 49, 0, ''),
(380, '2013-09-04 05:22:29', 66, 17, 358, '', 0, 0, '', 21, '2013-11-26', '16:00:01', '17:00:00', 49, 0, ''),
(381, '2013-09-04 05:23:22', 66, 17, 358, '', 0, 0, '', 21, '2013-11-19', '16:00:01', '17:00:00', 49, 0, ''),
(385, '2013-09-04 05:30:31', 68, 12, 673, '', 0, 0, '', 24, '2013-10-04', '16:00:01', '17:00:00', 49, 0, ''),
(386, '2013-09-04 05:30:31', 68, 12, 673, '', 0, 0, '', 24, '2013-10-11', '16:00:01', '17:00:00', 49, 0, ''),
(387, '2013-09-04 05:30:31', 68, 12, 673, '', 0, 0, '', 24, '2013-10-18', '16:00:01', '17:00:00', 49, 0, ''),
(388, '2013-09-04 05:30:31', 68, 12, 673, '', 0, 0, '', 24, '2013-10-25', '16:00:01', '17:00:00', 49, 0, ''),
(389, '2013-09-04 05:30:31', 68, 12, 673, '', 0, 0, '', 24, '2013-11-01', '16:00:01', '17:00:00', 49, 0, ''),
(390, '2013-09-04 05:30:31', 68, 12, 673, '', 0, 0, '', 24, '2013-11-08', '16:00:01', '17:00:00', 49, 0, ''),
(391, '2013-09-04 05:30:31', 68, 12, 673, '', 0, 0, '', 24, '2013-11-15', '16:00:01', '17:00:00', 49, 0, ''),
(392, '2013-09-04 05:30:31', 68, 12, 673, '', 0, 0, '', 24, '2013-11-22', '16:00:01', '17:00:00', 49, 0, ''),
(393, '2013-09-04 05:30:31', 68, 12, 673, '', 0, 0, '', 24, '2013-11-29', '16:00:01', '17:00:00', 49, 0, ''),
(395, '2013-09-04 05:35:29', 69, 10, 550, '', 0, 0, '', 23, '2013-09-20', '11:00:01', '12:00:00', 49, 0, ''),
(396, '2013-09-04 05:35:29', 69, 10, 550, '', 0, 0, '', 23, '2013-09-27', '11:00:01', '12:00:00', 49, 0, ''),
(397, '2013-09-04 05:35:29', 69, 10, 550, '', 0, 0, '', 23, '2013-10-04', '11:00:01', '12:00:00', 49, 0, ''),
(398, '2013-09-04 05:35:29', 69, 10, 550, '', 0, 0, '', 23, '2013-10-11', '11:00:01', '12:00:00', 49, 0, ''),
(399, '2013-09-04 05:35:29', 69, 10, 550, '', 0, 0, '', 23, '2013-10-18', '11:00:01', '12:00:00', 49, 0, ''),
(400, '2013-09-04 05:35:29', 69, 10, 550, '', 0, 0, '', 23, '2013-10-25', '11:00:01', '12:00:00', 49, 0, ''),
(401, '2013-09-04 05:35:29', 69, 10, 550, '', 0, 0, '', 23, '2013-11-01', '11:00:01', '12:00:00', 49, 0, ''),
(402, '2013-09-04 05:35:29', 69, 10, 550, '', 0, 0, '', 23, '2013-11-08', '11:00:01', '12:00:00', 49, 0, ''),
(403, '2013-09-04 05:35:29', 69, 10, 550, '', 0, 0, '', 23, '2013-11-15', '11:00:01', '12:00:00', 49, 0, ''),
(404, '2013-09-04 05:35:29', 69, 10, 550, '', 0, 0, '', 23, '2013-11-22', '11:00:01', '12:00:00', 49, 0, ''),
(405, '2013-09-04 05:35:29', 69, 10, 550, '', 0, 0, '', 23, '2013-11-29', '11:00:01', '12:00:00', 49, 0, ''),
(419, '2013-09-04 05:42:20', 71, 10, 549, '', 0, 0, '', 23, '2013-09-20', '10:00:01', '11:00:00', 49, 0, ''),
(420, '2013-09-04 05:42:20', 71, 10, 549, '', 0, 0, '', 23, '2013-09-27', '10:00:01', '11:00:00', 49, 0, ''),
(421, '2013-09-04 05:42:20', 71, 10, 549, '', 0, 0, '', 23, '2013-10-04', '10:00:01', '11:00:00', 49, 0, ''),
(422, '2013-09-04 05:42:20', 71, 10, 549, '', 0, 0, '', 23, '2013-10-11', '10:00:01', '11:00:00', 49, 0, ''),
(423, '2013-09-04 05:42:20', 71, 10, 549, '', 0, 0, '', 23, '2013-10-18', '10:00:01', '11:00:00', 49, 0, ''),
(424, '2013-09-04 05:42:20', 71, 10, 549, '', 0, 0, '', 23, '2013-10-25', '10:00:01', '11:00:00', 49, 0, ''),
(425, '2013-09-04 05:42:20', 71, 10, 549, '', 0, 0, '', 23, '2013-11-01', '10:00:01', '11:00:00', 49, 0, ''),
(426, '2013-09-04 05:42:20', 71, 10, 549, '', 0, 0, '', 23, '2013-11-08', '10:00:01', '11:00:00', 49, 0, ''),
(427, '2013-09-04 05:42:20', 71, 10, 549, '', 0, 0, '', 23, '2013-11-15', '10:00:01', '11:00:00', 49, 0, ''),
(428, '2013-09-04 05:42:20', 71, 10, 549, '', 0, 0, '', 23, '2013-11-22', '10:00:01', '11:00:00', 49, 0, ''),
(429, '2013-09-04 05:42:20', 71, 10, 549, '', 0, 0, '', 23, '2013-11-29', '10:00:01', '11:00:00', 49, 0, ''),
(454, '2013-09-06 04:04:50', 75, 12, 683, '0', 13, 125, '1', 24, '2013-09-14', '14:00:01', '15:00:00', 49, 1, ''),
(455, '2013-09-06 04:04:51', 75, 12, 683, '0', 0, 0, '0', 24, '2013-09-21', '14:00:01', '15:00:00', 22, 1, 'CONFERENCE - makeup class'),
(456, '2013-09-06 04:04:51', 75, 12, 683, '', 0, 0, '', 24, '2013-09-28', '14:00:01', '15:00:00', 49, 0, ''),
(457, '2013-09-06 04:04:51', 75, 12, 683, '', 0, 0, '', 24, '2013-10-05', '14:00:01', '15:00:00', 49, 0, ''),
(458, '2013-09-06 04:04:51', 75, 12, 683, '', 0, 0, '', 24, '2013-10-12', '14:00:01', '15:00:00', 49, 0, ''),
(459, '2013-09-06 04:04:51', 75, 12, 683, '', 0, 0, '', 24, '2013-10-19', '14:00:01', '15:00:00', 49, 0, ''),
(460, '2013-09-06 04:04:51', 75, 12, 683, '', 0, 0, '', 24, '2013-10-26', '14:00:01', '15:00:00', 49, 0, ''),
(461, '2013-09-06 04:04:51', 75, 12, 683, '', 0, 0, '', 24, '2013-11-02', '14:00:01', '15:00:00', 49, 0, ''),
(462, '2013-09-06 04:04:51', 75, 12, 683, '', 0, 0, '', 24, '2013-11-09', '14:00:01', '15:00:00', 49, 0, ''),
(463, '2013-09-06 04:04:51', 75, 12, 683, '', 0, 0, '', 24, '2013-11-16', '14:00:01', '15:00:00', 49, 0, ''),
(464, '2013-09-06 04:04:51', 75, 12, 683, '', 0, 0, '', 24, '2013-11-23', '14:00:01', '15:00:00', 49, 0, ''),
(465, '2013-09-06 04:04:51', 75, 12, 683, '', 0, 0, '', 24, '2013-11-30', '14:00:01', '15:00:00', 49, 0, ''),
(466, '2013-09-06 04:12:58', 76, 12, 679, '0', 13, 125, '1', 24, '2013-09-14', '10:00:01', '11:00:00', 45, 1, ''),
(467, '2013-09-06 04:12:58', 76, 12, 679, '', 0, 0, '', 24, '2013-09-21', '10:00:01', '11:00:00', 49, 0, ''),
(468, '2013-09-06 04:12:58', 76, 12, 679, '', 0, 0, '', 24, '2013-09-28', '10:00:01', '11:00:00', 49, 0, ''),
(469, '2013-09-06 04:12:58', 76, 12, 679, '', 0, 0, '', 24, '2013-10-05', '10:00:01', '11:00:00', 49, 0, ''),
(470, '2013-09-06 04:12:58', 76, 12, 679, '', 0, 0, '', 24, '2013-10-12', '10:00:01', '11:00:00', 49, 0, ''),
(471, '2013-09-06 04:12:58', 76, 12, 679, '', 0, 0, '', 24, '2013-10-19', '10:00:01', '11:00:00', 49, 0, ''),
(472, '2013-09-06 04:12:58', 76, 12, 679, '', 0, 0, '', 24, '2013-10-26', '10:00:01', '11:00:00', 49, 0, ''),
(473, '2013-09-06 04:12:58', 76, 12, 679, '', 0, 0, '', 24, '2013-11-02', '10:00:01', '11:00:00', 49, 0, ''),
(474, '2013-09-06 04:12:58', 76, 12, 679, '', 0, 0, '', 24, '2013-11-09', '10:00:01', '11:00:00', 49, 0, ''),
(475, '2013-09-06 04:12:58', 76, 12, 679, '', 0, 0, '', 24, '2013-11-16', '10:00:01', '11:00:00', 49, 0, ''),
(476, '2013-09-06 04:12:58', 76, 12, 679, '', 0, 0, '', 24, '2013-11-23', '10:00:01', '11:00:00', 49, 0, ''),
(477, '2013-09-06 04:12:58', 76, 12, 679, '', 0, 0, '', 24, '2013-11-30', '10:00:01', '11:00:00', 49, 0, ''),
(478, '2013-09-06 04:22:08', 77, 23, 448, '0', 0, 0, '0', 16, '2013-09-14', '13:00:01', '14:00:00', 22, 1, 'DEATH OF GRAND MOTHER'),
(479, '2013-09-06 04:22:08', 77, 23, 448, '', 0, 0, '', 16, '2013-09-21', '13:00:01', '14:00:00', 49, 0, ''),
(483, '2013-09-06 04:22:08', 77, 23, 448, '', 0, 0, '', 16, '2013-10-05', '13:00:01', '14:00:00', 49, 0, ''),
(484, '2013-09-06 04:22:08', 77, 23, 448, '', 0, 0, '', 16, '2013-10-12', '13:00:01', '14:00:00', 49, 0, ''),
(485, '2013-09-06 04:22:08', 77, 23, 448, '', 0, 0, '', 16, '2013-10-19', '13:00:01', '14:00:00', 49, 0, ''),
(486, '2013-09-06 04:22:08', 77, 23, 448, '', 0, 0, '', 16, '2013-10-26', '13:00:01', '14:00:00', 49, 0, ''),
(487, '2013-09-06 04:22:08', 77, 23, 448, '', 0, 0, '', 16, '2013-11-09', '13:00:01', '14:00:00', 49, 0, ''),
(488, '2013-09-06 04:22:08', 77, 23, 448, '', 0, 0, '', 16, '2013-11-02', '13:00:01', '14:00:00', 49, 0, ''),
(489, '2013-09-06 04:22:08', 77, 23, 448, '', 0, 0, '', 16, '2013-11-16', '13:00:01', '14:00:00', 49, 0, ''),
(490, '2013-09-06 04:22:08', 77, 23, 448, '', 0, 0, '', 16, '2013-11-23', '13:00:01', '14:00:00', 49, 0, ''),
(491, '2013-09-06 04:22:08', 77, 23, 448, '', 0, 0, '', 16, '2013-11-30', '13:00:01', '14:00:00', 49, 0, ''),
(492, '2013-09-06 04:24:01', 77, 23, 448, '', 0, 0, '', 16, '2013-09-28', '13:00:01', '14:00:00', 49, 0, ''),
(493, '2013-09-06 04:28:22', 78, 12, 682, '0', 0, 0, '0', 24, '2013-09-14', '13:00:01', '14:00:00', 22, 1, 'EXCUSED - death of grandmother'),
(494, '2013-09-06 04:28:22', 78, 12, 682, '', 0, 0, '', 24, '2013-09-21', '13:00:01', '14:00:00', 49, 0, ''),
(495, '2013-09-06 04:28:22', 78, 12, 682, '', 0, 0, '', 24, '2013-09-28', '13:00:01', '14:00:00', 49, 0, ''),
(496, '2013-09-06 04:28:22', 78, 12, 682, '', 0, 0, '', 24, '2013-10-05', '13:00:01', '14:00:00', 49, 0, ''),
(497, '2013-09-06 04:28:22', 78, 12, 682, '', 0, 0, '', 24, '2013-10-12', '13:00:01', '14:00:00', 49, 0, ''),
(498, '2013-09-06 04:28:22', 78, 12, 682, '', 0, 0, '', 24, '2013-10-19', '13:00:01', '14:00:00', 49, 0, ''),
(499, '2013-09-06 04:28:22', 78, 12, 682, '', 0, 0, '', 24, '2013-10-26', '13:00:01', '14:00:00', 49, 0, ''),
(500, '2013-09-06 04:28:22', 78, 12, 682, '', 0, 0, '', 24, '2013-11-02', '13:00:01', '14:00:00', 49, 0, ''),
(501, '2013-09-06 04:28:22', 78, 12, 682, '', 0, 0, '', 24, '2013-11-09', '13:00:01', '14:00:00', 49, 0, ''),
(502, '2013-09-06 04:28:22', 78, 12, 682, '', 0, 0, '', 24, '2013-11-16', '13:00:01', '14:00:00', 49, 0, ''),
(503, '2013-09-06 04:28:22', 78, 12, 682, '', 0, 0, '', 24, '2013-11-23', '13:00:01', '14:00:00', 49, 0, ''),
(504, '2013-09-06 04:28:22', 78, 12, 682, '', 0, 0, '', 24, '2013-11-30', '13:00:01', '14:00:00', 49, 0, ''),
(506, '2013-09-06 04:34:02', 70, 13, 623, '', 0, 0, '', 23, '2013-09-20', '17:00:01', '18:00:00', 49, 0, ''),
(507, '2013-09-06 04:34:02', 70, 13, 623, '', 0, 0, '', 23, '2013-09-27', '17:00:01', '18:00:00', 49, 0, ''),
(508, '2013-09-06 04:34:02', 70, 13, 623, '', 0, 0, '', 23, '2013-10-04', '17:00:01', '18:00:00', 49, 0, ''),
(509, '2013-09-06 04:34:02', 70, 13, 623, '', 0, 0, '', 23, '2013-10-11', '17:00:01', '18:00:00', 49, 0, ''),
(510, '2013-09-06 04:34:02', 70, 13, 623, '', 0, 0, '', 23, '2013-10-18', '17:00:01', '18:00:00', 49, 0, ''),
(511, '2013-09-06 04:34:02', 70, 13, 623, '', 0, 0, '', 23, '2013-10-25', '17:00:01', '18:00:00', 49, 0, ''),
(512, '2013-09-06 04:34:02', 70, 13, 623, '', 0, 0, '', 23, '2013-11-01', '17:00:01', '18:00:00', 49, 0, ''),
(513, '2013-09-06 04:34:02', 70, 13, 623, '', 0, 0, '', 23, '2013-11-08', '17:00:01', '18:00:00', 49, 0, ''),
(514, '2013-09-06 04:34:02', 70, 13, 623, '', 0, 0, '', 23, '2013-11-15', '17:00:01', '18:00:00', 49, 0, ''),
(515, '2013-09-06 04:34:02', 70, 13, 623, '', 0, 0, '', 23, '2013-11-29', '17:00:01', '18:00:00', 49, 0, ''),
(516, '2013-09-06 04:34:46', 70, 13, 623, '', 0, 0, '', 23, '2013-11-22', '17:00:01', '18:00:00', 49, 0, ''),
(517, '2013-09-06 04:39:13', 79, 15, 334, '0', 0, 0, '0', 25, '2013-09-14', '14:00:01', '15:00:00', 22, 1, 'EXCUSED - death of grandmother'),
(518, '2013-09-06 04:39:13', 79, 15, 334, '', 0, 0, '', 25, '2013-09-21', '14:00:01', '15:00:00', 49, 0, ''),
(519, '2013-09-06 04:39:13', 79, 15, 334, '', 0, 0, '', 25, '2013-09-28', '14:00:01', '15:00:00', 49, 0, ''),
(520, '2013-09-06 04:39:13', 79, 15, 334, '', 0, 0, '', 25, '2013-10-05', '14:00:01', '15:00:00', 49, 0, ''),
(521, '2013-09-06 04:39:13', 79, 15, 334, '', 0, 0, '', 25, '2013-10-12', '14:00:01', '15:00:00', 49, 0, ''),
(522, '2013-09-06 04:39:13', 79, 15, 334, '', 0, 0, '', 25, '2013-10-19', '14:00:01', '15:00:00', 49, 0, ''),
(523, '2013-09-06 04:39:13', 79, 15, 334, '', 0, 0, '', 25, '2013-10-26', '14:00:01', '15:00:00', 49, 0, ''),
(524, '2013-09-06 04:39:13', 79, 15, 334, '', 0, 0, '', 25, '2013-11-02', '14:00:01', '15:00:00', 49, 0, ''),
(525, '2013-09-06 04:39:13', 79, 15, 334, '', 0, 0, '', 25, '2013-11-09', '14:00:01', '15:00:00', 49, 0, ''),
(526, '2013-09-06 04:39:13', 79, 15, 334, '', 0, 0, '', 25, '2013-11-16', '14:00:01', '15:00:00', 49, 0, ''),
(527, '2013-09-06 04:39:13', 79, 15, 334, '', 0, 0, '', 25, '2013-11-30', '14:00:01', '15:00:00', 49, 0, ''),
(528, '2013-09-06 04:40:00', 79, 15, 334, '', 0, 0, '', 25, '2013-11-23', '14:00:01', '15:00:00', 49, 0, ''),
(529, '2013-09-09 04:25:39', 80, 11, 372, '1', 11, 125, '1', 12, '2013-09-13', '17:00:01', '18:00:00', 49, 1, ''),
(530, '2013-09-09 04:25:39', 80, 11, 372, '', 0, 0, '', 12, '2013-09-20', '17:00:01', '18:00:00', 49, 0, ''),
(531, '2013-09-09 04:25:39', 80, 11, 372, '', 0, 0, '', 12, '2013-09-27', '17:00:01', '18:00:00', 49, 0, ''),
(532, '2013-09-09 04:25:39', 80, 11, 372, '', 0, 0, '', 12, '2013-10-04', '17:00:01', '18:00:00', 49, 0, ''),
(533, '2013-09-09 04:25:39', 80, 11, 372, '', 0, 0, '', 12, '2013-10-11', '17:00:01', '18:00:00', 49, 0, ''),
(534, '2013-09-09 04:25:39', 80, 11, 372, '', 0, 0, '', 12, '2013-10-18', '17:00:01', '18:00:00', 49, 0, ''),
(535, '2013-09-09 04:25:39', 80, 11, 372, '', 0, 0, '', 12, '2013-10-25', '17:00:01', '18:00:00', 49, 0, ''),
(536, '2013-09-09 04:25:39', 80, 11, 372, '', 0, 0, '', 12, '2013-11-08', '17:00:01', '18:00:00', 49, 0, ''),
(537, '2013-09-09 04:25:39', 80, 11, 372, '', 0, 0, '', 12, '2013-11-15', '17:00:01', '18:00:00', 49, 0, ''),
(538, '2013-09-09 04:25:39', 80, 11, 372, '', 0, 0, '', 12, '2013-11-22', '17:00:01', '18:00:00', 49, 0, ''),
(539, '2013-09-09 04:28:02', 80, 11, 372, '', 0, 0, '', 12, '2013-11-01', '17:00:01', '18:00:00', 49, 0, ''),
(540, '2013-09-09 04:28:02', 80, 11, 372, '', 0, 0, '', 12, '2013-11-29', '17:00:01', '18:00:00', 49, 0, ''),
(541, '2013-09-09 04:32:01', 61, 17, 379, '', 0, 0, '', 21, '2013-12-07', '10:00:01', '11:00:00', 49, 0, ''),
(542, '2013-09-09 04:32:01', 61, 17, 379, '', 0, 0, '', 21, '2013-12-14', '10:00:01', '11:00:00', 49, 0, ''),
(543, '2013-09-09 06:39:25', 81, 21, 146, '1', 21, 125, '1', 20, '2013-09-17', '13:00:01', '14:00:00', 49, 1, ''),
(544, '2013-09-09 06:39:25', 81, 21, 146, '', 0, 0, '', 20, '2013-09-24', '13:00:01', '14:00:00', 49, 0, ''),
(545, '2013-09-09 06:39:25', 81, 21, 146, '', 0, 0, '', 20, '2013-10-01', '13:00:01', '14:00:00', 49, 0, ''),
(546, '2013-09-09 06:39:25', 81, 21, 146, '', 0, 0, '', 20, '2013-10-08', '13:00:01', '14:00:00', 49, 0, ''),
(547, '2013-09-09 06:39:25', 81, 21, 146, '', 0, 0, '', 20, '2013-10-15', '13:00:01', '14:00:00', 49, 0, ''),
(548, '2013-09-09 06:39:25', 81, 21, 146, '', 0, 0, '', 20, '2013-10-22', '13:00:01', '14:00:00', 49, 0, ''),
(549, '2013-09-09 06:39:25', 81, 21, 146, '', 0, 0, '', 20, '2013-10-29', '13:00:01', '14:00:00', 49, 0, ''),
(550, '2013-09-09 06:39:25', 81, 21, 146, '', 0, 0, '', 20, '2013-11-05', '13:00:01', '14:00:00', 49, 0, ''),
(551, '2013-09-09 06:39:25', 81, 21, 146, '', 0, 0, '', 20, '2013-11-12', '13:00:01', '14:00:00', 49, 0, ''),
(552, '2013-09-09 06:42:59', 81, 21, 146, '', 0, 0, '', 20, '2013-11-19', '13:00:01', '14:00:00', 49, 0, ''),
(553, '2013-09-09 06:42:59', 81, 21, 146, '', 0, 0, '', 20, '2013-11-26', '13:00:01', '14:00:00', 49, 0, ''),
(554, '2013-09-09 06:42:59', 81, 21, 146, '', 0, 0, '', 20, '2013-12-03', '13:00:01', '14:00:00', 49, 0, ''),
(555, '2013-09-09 09:10:20', 60, 14, 250, '1', 14, 125, '1', 26, '2013-09-14', '17:00:01', '18:00:00', 45, 1, ''),
(567, '2013-09-09 09:30:39', 52, 10, 560, '1', 10, 125, '1', 23, '2013-09-14', '09:00:01', '10:00:00', 45, 1, ''),
(592, '2013-09-13 03:17:33', 71, 10, 549, '', 0, 0, '', 23, '2013-12-06', '10:00:01', '11:00:00', 49, 0, ''),
(594, '2013-09-13 03:58:47', 45, 14, 249, '1', 14, 125, '1', 26, '2013-09-14', '16:00:01', '17:00:00', 45, 1, ''),
(595, '2013-09-13 03:58:47', 45, 14, 249, '', 0, 0, '', 26, '2013-09-21', '16:00:01', '17:00:00', 49, 0, ''),
(596, '2013-09-13 03:58:47', 45, 14, 249, '', 0, 0, '', 26, '2013-09-28', '16:00:01', '17:00:00', 49, 0, ''),
(597, '2013-09-13 03:58:47', 45, 14, 249, '', 0, 0, '', 26, '2013-10-05', '16:00:01', '17:00:00', 49, 0, ''),
(598, '2013-09-13 03:58:47', 45, 14, 249, '', 0, 0, '', 26, '2013-10-12', '16:00:01', '17:00:00', 49, 0, ''),
(599, '2013-09-13 03:58:47', 45, 14, 249, '', 0, 0, '', 26, '2013-10-19', '16:00:01', '17:00:00', 49, 0, ''),
(600, '2013-09-13 03:58:47', 45, 14, 249, '', 0, 0, '', 26, '2013-10-26', '16:00:01', '17:00:00', 49, 0, ''),
(601, '2013-09-13 03:58:47', 45, 14, 249, '', 0, 0, '', 26, '2013-11-02', '16:00:01', '17:00:00', 49, 0, ''),
(602, '2013-09-13 03:58:47', 45, 14, 249, '', 0, 0, '', 26, '2013-11-09', '16:00:01', '17:00:00', 49, 0, ''),
(603, '2013-09-13 03:58:47', 45, 14, 249, '', 0, 0, '', 26, '2013-11-16', '16:00:01', '17:00:00', 49, 0, ''),
(604, '2013-09-13 03:58:47', 45, 14, 249, '', 0, 0, '', 26, '2013-11-23', '16:00:01', '17:00:00', 49, 0, ''),
(605, '2013-09-13 03:58:47', 45, 14, 249, '', 0, 0, '', 26, '2013-11-30', '16:00:01', '17:00:00', 49, 0, ''),
(606, '2013-09-13 09:31:07', 44, 21, 690, '1', 21, 125, '1', 20, '2013-09-14', '14:00:01', '15:00:00', 45, 1, ''),
(607, '2013-09-13 10:33:55', 69, 10, 556, '1', 10, 125, '1', 22, '2013-09-13', '17:00:01', '18:00:00', 49, 1, ''),
(610, '2013-09-13 11:00:39', 68, 12, 673, '', 0, 0, '', 24, '2013-12-06', '16:00:01', '17:00:00', 49, 0, ''),
(611, '2013-09-13 11:03:44', 66, 17, 358, '', 0, 0, '', 21, '2013-12-03', '16:00:01', '17:00:00', 49, 0, ''),
(612, '2013-09-13 11:08:07', 70, 13, 623, '', 0, 0, '', 24, '2013-12-06', '17:00:01', '18:00:00', 49, 0, ''),
(613, '2013-09-13 11:26:37', 57, 10, 565, '1', 10, 125, '1', 23, '2013-09-14', '14:00:01', '15:00:00', 45, 1, ''),
(627, '2013-09-14 06:21:33', 64, 18, 96, '', 0, 0, '', 22, '2013-09-21', '10:00:01', '11:00:00', 49, 0, ''),
(628, '2013-09-14 06:21:33', 64, 18, 96, '', 0, 0, '', 22, '2013-09-28', '10:00:01', '11:00:00', 49, 0, ''),
(629, '2013-09-14 06:21:33', 64, 18, 96, '', 0, 0, '', 22, '2013-10-05', '10:00:01', '11:00:00', 49, 0, ''),
(630, '2013-09-14 06:21:33', 64, 18, 96, '', 0, 0, '', 22, '2013-10-12', '10:00:01', '11:00:00', 49, 0, ''),
(631, '2013-09-14 06:21:33', 64, 18, 96, '', 0, 0, '', 22, '2013-10-19', '10:00:01', '11:00:00', 49, 0, ''),
(632, '2013-09-14 06:21:33', 64, 18, 96, '', 0, 0, '', 22, '2013-10-26', '10:00:01', '11:00:00', 49, 0, ''),
(633, '2013-09-14 06:21:33', 64, 18, 96, '', 0, 0, '', 22, '2013-11-02', '10:00:01', '11:00:00', 49, 0, ''),
(634, '2013-09-14 06:21:33', 64, 18, 96, '', 0, 0, '', 22, '2013-11-09', '10:00:01', '11:00:00', 49, 0, ''),
(635, '2013-09-14 06:21:33', 64, 18, 96, '', 0, 0, '', 22, '2013-11-16', '10:00:01', '11:00:00', 49, 0, ''),
(636, '2013-09-14 06:21:33', 64, 18, 96, '', 0, 0, '', 22, '2013-11-23', '10:00:01', '11:00:00', 49, 0, ''),
(637, '2013-09-14 06:21:33', 64, 18, 96, '', 0, 0, '', 22, '2013-11-30', '10:00:01', '11:00:00', 49, 0, ''),
(638, '2013-09-14 06:39:20', 84, 20, 229, '1', 20, 125, '1', 17, '2013-09-14', '13:00:01', '14:00:00', 49, 1, ''),
(639, '2013-09-14 06:39:20', 84, 20, 229, '', 0, 0, '', 17, '2013-09-21', '13:00:01', '14:00:00', 49, 0, ''),
(640, '2013-09-14 06:39:20', 84, 20, 229, '', 0, 0, '', 17, '2013-09-28', '13:00:01', '14:00:00', 49, 0, ''),
(641, '2013-09-14 06:39:20', 84, 20, 229, '', 0, 0, '', 17, '2013-10-05', '13:00:01', '14:00:00', 49, 0, ''),
(642, '2013-09-14 06:39:20', 84, 20, 229, '', 0, 0, '', 17, '2013-10-12', '13:00:01', '14:00:00', 49, 0, ''),
(643, '2013-09-14 06:39:20', 84, 20, 229, '', 0, 0, '', 17, '2013-10-19', '13:00:01', '14:00:00', 49, 0, ''),
(644, '2013-09-14 06:39:20', 84, 20, 229, '', 0, 0, '', 17, '2013-10-26', '13:00:01', '14:00:00', 49, 0, ''),
(645, '2013-09-14 06:39:20', 84, 20, 229, '', 0, 0, '', 17, '2013-11-02', '13:00:01', '14:00:00', 49, 0, ''),
(646, '2013-09-14 06:39:20', 84, 20, 229, '', 0, 0, '', 17, '2013-11-09', '13:00:01', '14:00:00', 49, 0, ''),
(647, '2013-09-14 06:39:20', 84, 20, 229, '', 0, 0, '', 17, '2013-11-16', '13:00:01', '14:00:00', 49, 0, ''),
(648, '2013-09-14 06:39:20', 84, 20, 229, '', 0, 0, '', 17, '2013-11-23', '13:00:01', '14:00:00', 49, 0, ''),
(649, '2013-09-14 06:39:20', 84, 20, 229, '', 0, 0, '', 17, '2013-11-30', '13:00:01', '14:00:00', 49, 0, ''),
(652, '2013-09-14 07:13:57', 79, 15, 334, '', 0, 0, '', 25, '2013-12-07', '14:00:01', '15:00:00', 45, 0, ''),
(654, '2013-09-14 07:22:54', 58, 17, 382, '', 0, 0, '', 21, '2013-12-07', '12:00:01', '13:00:00', 45, 0, ''),
(655, '2013-09-14 07:36:49', 50, 11, 388, '', 0, 0, '', 12, '2013-12-07', '10:00:01', '11:00:00', 45, 0, ''),
(656, '2013-09-14 08:23:39', 83, 10, 561, '1', 10, 175, '1', 19, '2013-09-14', '10:00:01', '11:00:00', 22, 1, ''),
(657, '2013-09-14 08:23:39', 83, 10, 562, '1', 10, 175, '1', 19, '2013-09-14', '11:00:01', '12:00:00', 22, 1, ''),
(658, '2013-09-14 08:40:26', 83, 10, 561, '', 0, 0, '', 19, '2013-09-21', '10:00:01', '11:00:00', 45, 0, ''),
(659, '2013-09-14 08:40:26', 83, 10, 562, '', 0, 0, '', 19, '2013-09-21', '11:00:01', '12:00:00', 45, 0, ''),
(660, '2013-09-14 08:40:26', 83, 10, 561, '', 0, 0, '', 19, '2013-09-28', '10:00:01', '11:00:00', 45, 0, ''),
(661, '2013-09-14 08:40:26', 83, 10, 562, '', 0, 0, '', 19, '2013-09-28', '11:00:01', '12:00:00', 45, 0, ''),
(662, '2013-09-14 09:08:39', 64, 18, 696, '1', 18, 125, '1', 22, '2013-09-14', '11:00:01', '12:00:00', 45, 1, ''),
(663, '2013-09-14 09:26:10', 75, 12, 683, '', 0, 0, '', 24, '2013-12-07', '14:00:01', '15:00:00', 45, 0, ''),
(664, '2013-09-14 09:36:53', 60, 14, 243, '', 0, 0, '', 26, '2013-09-21', '09:00:01', '10:00:00', 45, 0, ''),
(665, '2013-09-14 09:36:53', 60, 14, 243, '', 0, 0, '', 26, '2013-09-28', '09:00:01', '10:00:00', 45, 0, ''),
(666, '2013-09-14 09:36:53', 60, 14, 243, '', 0, 0, '', 26, '2013-10-05', '09:00:01', '10:00:00', 45, 0, ''),
(667, '2013-09-14 09:36:53', 60, 14, 243, '', 0, 0, '', 26, '2013-10-12', '09:00:01', '10:00:00', 45, 0, ''),
(668, '2013-09-14 09:36:53', 60, 14, 243, '', 0, 0, '', 26, '2013-10-19', '09:00:01', '10:00:00', 45, 0, ''),
(669, '2013-09-14 09:36:53', 60, 14, 243, '', 0, 0, '', 26, '2013-10-26', '09:00:01', '10:00:00', 45, 0, ''),
(670, '2013-09-14 09:36:53', 60, 14, 243, '', 0, 0, '', 26, '2013-11-02', '09:00:01', '10:00:00', 45, 0, ''),
(671, '2013-09-14 09:36:53', 60, 14, 243, '', 0, 0, '', 26, '2013-11-09', '09:00:01', '10:00:00', 45, 0, ''),
(672, '2013-09-14 09:36:53', 60, 14, 243, '', 0, 0, '', 26, '2013-11-16', '09:00:01', '10:00:00', 45, 0, ''),
(673, '2013-09-14 09:36:53', 60, 14, 243, '', 0, 0, '', 26, '2013-11-23', '09:00:01', '10:00:00', 45, 0, ''),
(674, '2013-09-14 09:36:53', 60, 14, 243, '', 0, 0, '', 26, '2013-11-30', '09:00:01', '10:00:00', 45, 0, ''),
(675, '2013-09-16 09:56:37', 47, 17, 373, '', 0, 0, '', 21, '2013-09-20', '16:00:01', '17:00:00', 49, 0, ''),
(676, '2013-09-16 09:56:37', 47, 17, 373, '', 0, 0, '', 21, '2013-09-27', '16:00:01', '17:00:00', 49, 0, ''),
(677, '2013-09-16 09:56:37', 47, 17, 373, '', 0, 0, '', 21, '2013-10-04', '16:00:01', '17:00:00', 49, 0, ''),
(678, '2013-09-16 09:56:37', 47, 17, 373, '', 0, 0, '', 21, '2013-10-11', '16:00:01', '17:00:00', 49, 0, ''),
(679, '2013-09-16 09:56:37', 47, 17, 373, '', 0, 0, '', 21, '2013-10-18', '16:00:01', '17:00:00', 49, 0, ''),
(680, '2013-09-16 09:56:37', 47, 17, 373, '', 0, 0, '', 21, '2013-10-25', '16:00:01', '17:00:00', 49, 0, ''),
(683, '2013-09-17 03:26:15', 68, 12, 673, '', 0, 0, '', 24, '2013-12-13', '16:00:01', '17:00:00', 49, 0, ''),
(684, '2013-09-17 03:26:15', 68, 12, 673, '', 0, 0, '', 24, '2013-12-20', '16:00:01', '17:00:00', 49, 0, ''),
(685, '2013-09-17 03:32:39', 66, 17, 358, '', 0, 0, '', 21, '2013-10-15', '16:00:01', '17:00:00', 49, 0, ''),
(686, '2013-09-17 03:32:39', 66, 17, 358, '', 0, 0, '', 21, '2013-12-10', '16:00:01', '17:00:00', 49, 0, ''),
(687, '2013-09-17 03:32:39', 66, 17, 358, '', 0, 0, '', 21, '2013-12-17', '16:00:01', '17:00:00', 49, 0, ''),
(688, '2013-09-17 03:44:48', 66, 17, 358, '', 0, 0, '', 21, '2013-10-01', '16:00:01', '17:00:00', 49, 0, ''),
(689, '2013-09-17 08:20:47', 57, 13, 624, '', 0, 0, '', 23, '2013-09-20', '18:00:01', '19:00:00', 49, 0, ''),
(690, '2013-09-17 08:20:47', 57, 13, 624, '', 0, 0, '', 23, '2013-09-27', '18:00:01', '19:00:00', 49, 0, ''),
(691, '2013-09-17 08:20:47', 57, 13, 624, '', 0, 0, '', 23, '2013-10-04', '18:00:01', '19:00:00', 49, 0, ''),
(692, '2013-09-17 08:20:47', 57, 13, 624, '', 0, 0, '', 23, '2013-10-11', '18:00:01', '19:00:00', 49, 0, ''),
(693, '2013-09-17 08:20:47', 57, 13, 624, '', 0, 0, '', 23, '2013-10-18', '18:00:01', '19:00:00', 49, 0, ''),
(694, '2013-09-17 08:20:47', 57, 13, 624, '', 0, 0, '', 23, '2013-10-25', '18:00:01', '19:00:00', 49, 0, ''),
(695, '2013-09-17 08:20:47', 57, 13, 624, '', 0, 0, '', 23, '2013-11-01', '18:00:01', '19:00:00', 49, 0, ''),
(696, '2013-09-17 08:20:47', 57, 13, 624, '', 0, 0, '', 23, '2013-11-08', '18:00:01', '19:00:00', 49, 0, ''),
(697, '2013-09-17 08:20:47', 57, 13, 624, '', 0, 0, '', 23, '2013-11-15', '18:00:01', '19:00:00', 49, 0, ''),
(698, '2013-09-17 08:20:47', 57, 13, 624, '', 0, 0, '', 23, '2013-11-22', '18:00:01', '19:00:00', 49, 0, ''),
(699, '2013-09-17 08:20:47', 57, 13, 624, '', 0, 0, '', 23, '2013-11-29', '18:00:01', '19:00:00', 49, 0, '');

-- --------------------------------------------------------

--
-- Table structure for table `tbl_contact`
--

CREATE TABLE IF NOT EXISTS `tbl_contact` (
  `id` bigint(20) NOT NULL AUTO_INCREMENT,
  `datetime_created` timestamp NOT NULL DEFAULT CURRENT_TIMESTAMP ON UPDATE CURRENT_TIMESTAMP,
  `name` varchar(255) NOT NULL,
  `address` varchar(255) NOT NULL,
  `sex` varchar(10) NOT NULL,
  `birthdate` date NOT NULL,
  `contact_number` varchar(50) NOT NULL,
  `email` varchar(50) NOT NULL,
  `course` varchar(255) NOT NULL,
  `subject` varchar(255) NOT NULL,
  `message` text NOT NULL,
  `contact_type` int(11) NOT NULL,
  PRIMARY KEY (`id`)
) ENGINE=InnoDB  DEFAULT CHARSET=latin1 AUTO_INCREMENT=40 ;

--
-- Dumping data for table `tbl_contact`
--

INSERT INTO `tbl_contact` (`id`, `datetime_created`, `name`, `address`, `sex`, `birthdate`, `contact_number`, `email`, `course`, `subject`, `message`, `contact_type`) VALUES
(12, '2013-08-09 11:40:40', 'Manuel', '', '', '0000-00-00', '09266446142', 'manstertorrejon@gmail.com', '', 'voice lesson fee', 'How much is it? I would really like to be trained to become a better singer. ', 0),
(13, '2013-08-09 14:39:12', 'Harriette alexandra Cabigao', 'Lanang Damosa Davao city', 'F', '2013-03-13', '09332079685', 'qtsheng@icloud.com', 'VOICE', 'Fees and rates', 'Please advise re above subject for voice lesson of my 10yr old girl', 1),
(14, '2013-08-09 15:00:12', 'Jane Lumapas', 'Mabini Boulevard, Davao City', 'F', '1993-06-23', '09099413246', 'lumapasjane@yahoo.com', 'VOICE', 'Hello po :)', 'I want to join muzic''s kool coz i want to improve my voice . Gusto ko maging magaling masyado . Hehehe :")', 1),
(26, '2013-08-10 15:42:56', 'Andrea Christelle L. Cinco', 'Villarica, Babak District, Island Garden City of Samal', 'F', '2000-06-26', '09286573879', 'maricellestojascinco@yahoo.com', 'GUITAR', 'None', 'None', 1),
(27, '2013-08-11 02:05:11', 'Claudette Yzabel B. Uy', 'Vista Verde Village, Panacan, Davao City', 'F', '2003-08-17', '09328911105', 'rosabel.bios@yahoo.com', 'PIANO', 'None', 'Hi! I want to enroll in piano lessons.', 1),
(28, '2013-08-11 02:08:36', 'Francis Angelo L. Cinco', 'Villarica, Babak District, Island Garden City of Samal', 'M', '2000-06-03', '09286573879', 'maricellestojascinco@yahoo.com', 'GUITAR', 'none', 'Hello! I want to be one of your students in guitar lessons.', 1),
(29, '2013-08-11 02:10:22', 'Lyra Nicolle G. Arriola', '', 'M', '2013-12-02', '09256403687', 'nikki_arriola@yahoo.com', 'PIANO', 'Singing', 'I miss singing! ', 1),
(30, '2013-08-11 02:10:44', 'Andrea Christelle L. Cinco', 'Villarica, Babak District, Island Garden City of Samal', 'F', '2001-06-26', '09286573879', 'maricellestojascinco@yahoo.com', 'GUITAR', 'None', 'Please include me as one of your students in guitar lessons. Thank you:)', 1),
(31, '2013-08-13 09:50:57', 'Ybarra Lim Santa Cruz', 'No. 15 Garnet Street, Marfori Heights Subdivision, Davao City', 'M', '2003-01-05', '300-6895 or 09277783791', 'miyen@rocketmail.com', 'DRUMS', 'drums', 'one on one', 1),
(32, '2013-08-18 13:55:57', 'Darwin Deane B. Divino', '', 'M', '0000-00-00', '09322753237', 'the3dee2393@gmail.com', 'VOICE', 'Discount :)', '20% discount ....pwede 50%? :D ', 1),
(33, '2013-08-18 14:04:22', 'Christia Niel Bahaya', '345 Palm Drive Buhangin, Davao City', 'M', '1995-05-30', '+639331502775', 'christianniel95@gmail.com', 'VOICE', 'Big Discount', 'Di po namin alam no ilagay sa subject and body hahaha :) \r\nSee you this wednesday sir! ^_^', 1),
(34, '2013-08-20 16:38:37', 'Adrian Louise Dilla', '961 Quezon Boulevard Davao City', 'M', '1993-07-26', '09283201026', 'ads_026@yahoo.com.ph', 'VOICE', 'blank', 'blank', 1),
(35, '2013-08-21 02:33:46', 'carlo ferrazzini', 'palm drive, bajada davao city', 'M', '0000-00-00', '09228470623', 'carloferrazzini@yahoo.com', 'PIANO', 'enroll for drums', 'Kindly tell sir raffy i enrolled here. thank you. Im his past student.', 1),
(36, '2013-08-24 16:10:28', 'Irish Gonzales', 'Dona Asuncion Village, Lanang Davao City', 'F', '1981-05-25', '082- 234- 8746', 'igonzales@ironcomet.com', 'GUITAR', 'inquiry', 'i would like to enroll my daughter  for a guitar lessons, and i want to know how much the fees are\r\n\r\nSoonest reply is much appreciated\r\n\r\nMany Thanks and More Power!\r\n\r\nirish', 1),
(37, '2013-08-25 13:25:04', 'ROMMEL S. CASTILLO', 'B7 L18 OLIVE STREET, COUNTRYVILLE SUBDIVISION, CABANTIAN, DAVAO CITY', 'M', '1972-04-30', '09209014453', 'rscastle.ph@gmail.com', 'VOICE', 'one on one voice lesson tuition fee', 'I am thinking of enrolling in your voice course music school at Damosa. I am 41 years old and a government employee. Please send me details on the rate, discounts if there are any, and possible schedule that would  work to both of us. I prefer male voice instructor or coach. Thank you,', 1),
(38, '2013-08-28 05:47:25', 'Katrina Kim Tombo', '', '', '0000-00-00', '09328546536', 'katrinakim8@gmail.com', '', 'PROGRAMS', 'I would like to ask about the voice classes and how much it will be. Thank you', 0),
(39, '2013-08-30 11:35:04', 'Catherine Joy Lo', '39-8 Sapphire St. Diamond Village Damosa Lanang Davao City', 'F', '1999-06-03', '234-2968', 'catherinejoylo@yahoo.com', 'VOICE', '14 yrs. old', 'vocal registration', 1);

-- --------------------------------------------------------

--
-- Table structure for table `tbl_course`
--

CREATE TABLE IF NOT EXISTS `tbl_course` (
  `id` bigint(20) NOT NULL AUTO_INCREMENT,
  `name` varchar(255) NOT NULL,
  `description` varchar(255) NOT NULL,
  `is_group_course` int(11) NOT NULL,
  PRIMARY KEY (`id`)
) ENGINE=InnoDB  DEFAULT CHARSET=latin1 AUTO_INCREMENT=15 ;

--
-- Dumping data for table `tbl_course`
--

INSERT INTO `tbl_course` (`id`, `name`, `description`, `is_group_course`) VALUES
(6, 'PIANO', '', 0),
(7, 'VOICE', '', 0),
(8, 'GUITAR', '', 0),
(9, 'VIOLIN', '', 0),
(10, 'DRUMS', '', 0),
(11, 'FLUTE', '', 0),
(12, 'SAXOPHONE', '', 0),
(13, 'PLAY TOGETHER', '', 1),
(14, 'SING TOGETHER', '', 1);

-- --------------------------------------------------------

--
-- Table structure for table `tbl_course_items`
--

CREATE TABLE IF NOT EXISTS `tbl_course_items` (
  `id` bigint(20) NOT NULL AUTO_INCREMENT,
  `course_id` bigint(20) NOT NULL,
  `teacher_id` bigint(20) NOT NULL,
  `rate` float NOT NULL,
  PRIMARY KEY (`id`)
) ENGINE=InnoDB  DEFAULT CHARSET=latin1 AUTO_INCREMENT=42 ;

--
-- Dumping data for table `tbl_course_items`
--

INSERT INTO `tbl_course_items` (`id`, `course_id`, `teacher_id`, `rate`) VALUES
(11, 3, 6, 111),
(12, 4, 7, 120),
(13, 3, 7, 125),
(14, 5, 6, 100),
(15, 6, 14, 125),
(16, 6, 15, 125),
(17, 6, 19, 125),
(18, 7, 10, 125),
(19, 7, 12, 125),
(20, 7, 13, 125),
(21, 7, 18, 125),
(22, 8, 16, 125),
(23, 9, 17, 125),
(24, 10, 11, 125),
(31, 8, 21, 125),
(32, 8, 24, 125),
(33, 10, 23, 125),
(34, 11, 20, 125),
(35, 12, 22, 125),
(36, 13, 10, 400),
(39, 15, 15, 250),
(40, 14, 10, 175),
(41, 14, 13, 175);

-- --------------------------------------------------------

--
-- Table structure for table `tbl_enrollment`
--

CREATE TABLE IF NOT EXISTS `tbl_enrollment` (
  `id` bigint(20) NOT NULL AUTO_INCREMENT,
  `datetime_created` timestamp NOT NULL DEFAULT CURRENT_TIMESTAMP ON UPDATE CURRENT_TIMESTAMP,
  `fee` float NOT NULL,
  `course_id` bigint(20) NOT NULL,
  `student_id` bigint(20) NOT NULL,
  `group_id` bigint(20) NOT NULL,
  `band_id` bigint(20) NOT NULL,
  `enrollment_type_id` int(11) NOT NULL,
  `ref_name` varchar(255) NOT NULL,
  `ref_id` bigint(20) NOT NULL,
  `prepared_by_id` bigint(20) NOT NULL,
  `notes` text NOT NULL,
  `status` int(11) NOT NULL,
  `payment_status` int(11) NOT NULL,
  `total_payment` float NOT NULL,
  PRIMARY KEY (`id`)
) ENGINE=InnoDB  DEFAULT CHARSET=latin1 AUTO_INCREMENT=85 ;

--
-- Dumping data for table `tbl_enrollment`
--

INSERT INTO `tbl_enrollment` (`id`, `datetime_created`, `fee`, `course_id`, `student_id`, `group_id`, `band_id`, `enrollment_type_id`, `ref_name`, `ref_id`, `prepared_by_id`, `notes`, `status`, `payment_status`, `total_payment`) VALUES
(42, '2013-08-25 16:16:12', 5100, 7, 29, 0, 0, 1, 'Viray, Bernice Kai Partosa', 29, 45, 'Request: Sat morning\r\n4800 - 12 session / 300 - reg', 2, 2, 3000),
(44, '2013-09-02 07:47:13', 5100, 8, 17, 0, 0, 1, 'Cinco, Francis Angelo Lestojas', 17, 45, '300 - registration\r\n4800 - tuition (20% disc abreeza)', 2, 2, 3000),
(45, '2013-09-04 01:57:29', 5100, 6, 33, 0, 0, 1, 'Remolador, Cherry Lyn Nabos', 33, 45, '4800 + 300 REG. ', 2, 2, 3000),
(46, '2013-09-04 02:21:39', 5100, 7, 15, 0, 0, 1, 'Cafe, Jessie Mae Villarin', 15, 49, '4800 + 300 REG', 2, 2, 1000),
(47, '2013-09-04 02:28:55', 5700, 9, 38, 0, 0, 1, 'Te, Annika Eloise Grapa', 38, 49, '5400 + 300 REG', 2, 2, 3000),
(48, '2013-09-04 02:33:48', 5700, 7, 37, 0, 0, 1, 'Cero, Tomas Emil Alessio Gelido', 37, 45, '5400+ 300 REG', 2, 2, 1500),
(49, '2013-09-04 02:38:23', 5700, 7, 36, 0, 0, 1, 'Cero, Inna Vincenza Gelido', 36, 45, '5400+300REG\r\n', 2, 2, 1500),
(50, '2013-09-04 02:42:21', 5700, 10, 35, 0, 0, 1, 'Ferrazzini, Ricardo Angelo A', 35, 22, '5400+300REG', 2, 1, 5700),
(51, '2013-09-04 02:46:20', 5100, 9, 34, 0, 0, 1, 'Canlas, Portia Anjelle  Royo', 34, 49, '4800+ 300 REG', 2, 2, 3000),
(52, '2013-09-04 02:54:40', 5100, 7, 28, 0, 0, 1, 'Micolob, Rigel Lyra Faith Bernabe', 28, 45, '4800 + 300REG', 2, 2, 3000),
(53, '2013-09-04 03:15:39', 5100, 6, 27, 0, 0, 1, 'Zaragosa, Jamaica Desiree Penpina', 27, 45, '4800+300REG', 2, 1, 5100),
(55, '2013-09-04 03:25:50', 5100, 7, 26, 0, 0, 1, 'Tungpalan, Sabina Rachel Santos', 26, 45, '4800 +300REG', 2, 2, 3000),
(56, '2013-09-04 03:34:11', 4800, 8, 26, 0, 0, 1, 'Tungpalan, Sabina Rachel Santos', 26, 45, '4800 (COURSE 2)', 2, 2, 3000),
(57, '2013-09-04 03:37:01', 5100, 7, 25, 0, 0, 1, 'Javier, Julianne Nograles', 25, 49, '4800+300 REG', 2, 2, 3000),
(58, '2013-09-04 03:40:30', 5100, 9, 24, 0, 0, 1, 'Astillo, Wilmgrace Dela Cerna', 24, 22, '4800+ 300 REG\r\n', 2, 2, 1500),
(59, '2013-09-04 03:46:29', 4800, 6, 24, 0, 0, 1, 'Astillo, Wilmgrace Dela Cerna', 24, 22, '4800 COURSE 2', 2, 2, 1500),
(60, '2013-09-04 04:35:50', 5100, 6, 30, 0, 0, 1, 'Hamdain, Leila Ferrer', 30, 45, '4800 + 300REG\r\n', 2, 2, 3000),
(61, '2013-09-04 04:40:55', 5100, 9, 23, 0, 0, 1, 'Astillo, Apryl Olais', 23, 45, '4800 + 300 reg', 2, 1, 3000),
(62, '2013-09-04 04:44:33', 5100, 9, 22, 0, 0, 1, 'Astillo, Mnelpei Dela Cerna', 22, 45, '4800 +300 REG', 2, 2, 1500),
(63, '2013-09-04 04:48:15', 4800, 8, 22, 0, 0, 1, 'Astillo, Mnelpei Dela Cerna', 22, 45, '4800 COURSE', 2, 2, 1500),
(64, '2013-09-04 04:53:01', 5100, 7, 20, 0, 0, 1, 'Divino, John Derrick Bandoquillo', 20, 49, '4800+300', 2, 2, 3000),
(65, '2013-09-04 04:58:09', 5100, 6, 19, 0, 0, 1, 'Uy, Claudette Yzabel  Bios', 19, 45, '4800', 2, 2, 3000),
(66, '2013-09-04 05:20:44', 5100, 9, 31, 0, 0, 1, 'Pinpin, Amanda Savine Imai', 31, 49, '4800+300reg', 2, 2, 1500),
(68, '2013-09-04 05:25:52', 4800, 7, 31, 0, 0, 1, 'Pinpin, Amanda Savine Imai', 31, 49, '4800 course 2', 2, 2, 1500),
(69, '2013-09-04 05:33:28', 5100, 7, 41, 0, 0, 1, 'SERAD, JULIA  PARAGUYA', 41, 49, '4800+300 reg c/o sir Robert Rances', 2, 0, 0),
(70, '2013-09-04 05:36:15', 5100, 7, 16, 0, 0, 1, 'Cabigao, Harriette Alexandra  Tabanyag', 16, 49, '4800+300reg', 2, 2, 3000),
(71, '2013-09-04 05:40:29', 5100, 7, 39, 0, 0, 1, 'Udaundo, Archimedes Abrea', 39, 49, '4800+300 reg', 2, 0, 0),
(75, '2013-09-06 04:01:25', 5700, 7, 48, 0, 0, 1, 'Milo, Dorothy a', 48, 22, '4800+ 300', 2, 2, 3000),
(76, '2013-09-06 04:05:56', 5700, 7, 49, 0, 0, 1, 'Ybanez, Karen a', 49, 45, '4800+300reg ', 2, 2, 3000),
(77, '2013-09-06 04:17:54', 5100, 10, 46, 0, 0, 1, 'Villadolid, Jacob Sebastian a', 46, 22, '4800+300', 2, 0, 0),
(78, '2013-09-06 04:26:09', 5100, 7, 47, 0, 0, 1, 'Villadolid, Juliane Maree a', 47, 22, '4800+300 reg\r\n', 2, 0, 0),
(79, '2013-09-06 04:37:34', 5100, 6, 47, 0, 0, 1, 'Villadolid, Juliane Maree a', 47, 22, '4800 + 300reg', 2, 0, 0),
(80, '2013-09-09 04:17:37', 5100, 10, 18, 0, 0, 1, 'Santa Cruz, Ybarra Lim', 18, 49, '', 2, 1, 5100),
(81, '2013-09-09 06:33:37', 5100, 8, 50, 0, 0, 1, 'Canuto, Jeffrey Sinco', 50, 49, '4800 + 300 REG', 2, 0, 0),
(83, '2013-09-11 07:21:23', 15200, 14, 0, 2, 0, 2, 'YFI', 2, 22, '3500+300reg= 3800*4= 15200', 2, 2, 10000),
(84, '2013-09-14 06:35:37', 6300, 11, 54, 0, 0, 1, 'Aramaki, Sora Salvo', 54, 49, '6000+300 reg', 2, 2, 2000);

-- --------------------------------------------------------

--
-- Table structure for table `tbl_enrollment_type`
--

CREATE TABLE IF NOT EXISTS `tbl_enrollment_type` (
  `id` bigint(20) NOT NULL AUTO_INCREMENT,
  `name` varchar(50) NOT NULL,
  PRIMARY KEY (`id`)
) ENGINE=InnoDB  DEFAULT CHARSET=latin1 AUTO_INCREMENT=4 ;

--
-- Dumping data for table `tbl_enrollment_type`
--

INSERT INTO `tbl_enrollment_type` (`id`, `name`) VALUES
(1, 'Individual'),
(2, 'Group'),
(3, 'Band Rehearsal');

-- --------------------------------------------------------

--
-- Table structure for table `tbl_group`
--

CREATE TABLE IF NOT EXISTS `tbl_group` (
  `id` bigint(20) NOT NULL AUTO_INCREMENT,
  `name` varchar(255) NOT NULL,
  `notes` text NOT NULL,
  PRIMARY KEY (`id`)
) ENGINE=InnoDB  DEFAULT CHARSET=latin1 AUTO_INCREMENT=3 ;

--
-- Dumping data for table `tbl_group`
--

INSERT INTO `tbl_group` (`id`, `name`, `notes`) VALUES
(2, 'YFI', '');

-- --------------------------------------------------------

--
-- Table structure for table `tbl_group_items`
--

CREATE TABLE IF NOT EXISTS `tbl_group_items` (
  `id` bigint(20) NOT NULL AUTO_INCREMENT,
  `group_id` bigint(20) NOT NULL,
  `student_id` bigint(20) NOT NULL,
  PRIMARY KEY (`id`),
  UNIQUE KEY `id` (`id`)
) ENGINE=InnoDB  DEFAULT CHARSET=latin1 AUTO_INCREMENT=52 ;

--
-- Dumping data for table `tbl_group_items`
--

INSERT INTO `tbl_group_items` (`id`, `group_id`, `student_id`) VALUES
(43, 6, 7),
(44, 6, 8),
(45, 7, 7),
(46, 7, 8),
(47, 7, 9),
(48, 2, 21),
(49, 2, 51),
(50, 2, 52),
(51, 2, 53);

-- --------------------------------------------------------

--
-- Table structure for table `tbl_payment`
--

CREATE TABLE IF NOT EXISTS `tbl_payment` (
  `id` bigint(20) NOT NULL AUTO_INCREMENT,
  `datetime_created` timestamp NOT NULL DEFAULT CURRENT_TIMESTAMP ON UPDATE CURRENT_TIMESTAMP,
  `enrollment_id` bigint(20) NOT NULL,
  `payment_date` date NOT NULL,
  `amount` float NOT NULL,
  `or_number` varchar(50) NOT NULL,
  `prepared_by_id` bigint(20) NOT NULL,
  `notes` text NOT NULL,
  PRIMARY KEY (`id`)
) ENGINE=InnoDB  DEFAULT CHARSET=latin1 AUTO_INCREMENT=49 ;

--
-- Dumping data for table `tbl_payment`
--

INSERT INTO `tbl_payment` (`id`, `datetime_created`, `enrollment_id`, `payment_date`, `amount`, `or_number`, `prepared_by_id`, `notes`) VALUES
(10, '2013-09-04 06:16:46', 70, '2013-08-21', 3000, '00001', 48, ''),
(11, '2013-09-04 06:18:43', 44, '2013-08-21', 3000, '00002', 49, ''),
(12, '2013-09-04 06:19:36', 65, '2013-08-21', 3000, '00004', 49, ''),
(14, '2013-09-04 06:20:24', 64, '2013-08-21', 3000, '00005', 49, ''),
(15, '2013-09-04 06:21:44', 62, '2013-08-21', 1500, '00007', 49, ''),
(16, '2013-09-04 06:22:10', 61, '2013-08-21', 3000, '00008', 48, ''),
(17, '2013-09-04 06:23:17', 57, '2013-08-21', 3000, '00010', 48, ''),
(18, '2013-09-04 06:28:02', 55, '2013-08-21', 3000, '00011', 48, ''),
(19, '2013-09-04 06:28:55', 56, '2013-08-21', 3000, '00011', 48, ''),
(21, '2013-09-04 06:29:47', 53, '2013-08-21', 5100, '00012', 48, ''),
(22, '2013-09-04 06:31:27', 52, '2013-08-21', 3000, '00013', 48, ''),
(24, '2013-09-04 06:33:44', 60, '2013-08-21', 3000, '00015', 48, ''),
(25, '2013-09-04 06:34:45', 46, '2013-08-21', 1000, '00017', 48, ''),
(26, '2013-09-04 06:37:21', 68, '2013-08-21', 1500, '00016', 49, ''),
(27, '2013-09-04 06:37:30', 45, '2013-08-21', 3000, '00019', 48, ''),
(28, '2013-09-04 06:37:49', 66, '2013-08-21', 1500, '00016', 49, ''),
(29, '2013-09-04 06:38:50', 51, '2013-08-21', 3000, '00021', 49, ''),
(30, '2013-09-04 06:38:54', 50, '2013-08-28', 5700, '00020', 48, ''),
(31, '2013-09-04 06:39:57', 48, '2013-09-30', 1500, '00022', 49, ''),
(32, '2013-09-04 06:41:48', 49, '2013-08-30', 1500, '00023', 49, ''),
(33, '2013-09-04 06:49:53', 63, '2013-08-21', 1500, '0007', 49, ''),
(34, '2013-09-09 08:16:55', 76, '2013-09-09', 3000, '00026', 49, ''),
(35, '2013-09-09 08:44:03', 75, '2013-09-09', 3000, '00025', 49, ''),
(38, '2013-09-11 07:32:23', 83, '2013-09-11', 2500, '00027', 49, 'Bahay, Christian Niel Retiza'),
(39, '2013-09-11 07:33:20', 83, '2013-09-11', 2500, '00028', 49, 'Tumala, Joemark Aton'),
(40, '2013-09-11 07:34:31', 83, '2013-09-11', 2500, '00029', 49, 'Estudillo, John Rey '),
(42, '2013-09-11 07:39:20', 83, '2013-08-21', 2500, '00006', 49, 'Divino,Darwin'),
(43, '2013-09-11 07:53:21', 80, '2013-08-21', 5100, '00003', 49, '4800+300 reg'),
(44, '2013-09-11 08:13:11', 42, '2013-08-21', 3000, '00014', 45, ''),
(45, '2013-09-12 03:26:55', 47, '2013-08-31', 3000, '00024', 49, '5400+300 reg'),
(46, '2013-09-12 03:49:05', 58, '2013-08-21', 1500, '00009', 49, '4800+300 reg'),
(47, '2013-09-12 03:50:06', 59, '2013-08-21', 1500, '00009', 49, '4800+300 reg'),
(48, '2013-09-14 06:43:33', 84, '2013-09-14', 2000, '00030', 49, '6000+300 reg');

-- --------------------------------------------------------

--
-- Table structure for table `tbl_student`
--

CREATE TABLE IF NOT EXISTS `tbl_student` (
  `id` bigint(20) NOT NULL AUTO_INCREMENT,
  `datetime_created` timestamp NOT NULL DEFAULT CURRENT_TIMESTAMP ON UPDATE CURRENT_TIMESTAMP,
  `first_name` varchar(255) NOT NULL,
  `last_name` varchar(255) NOT NULL,
  `middle_name` varchar(255) NOT NULL,
  `name` varchar(255) NOT NULL,
  `contact_number` varchar(50) NOT NULL,
  `home_address` varchar(255) NOT NULL,
  `email` varchar(50) NOT NULL,
  `notes` text NOT NULL,
  `photo` varchar(255) NOT NULL,
  `birthdate` date NOT NULL,
  PRIMARY KEY (`id`)
) ENGINE=InnoDB  DEFAULT CHARSET=latin1 AUTO_INCREMENT=57 ;

--
-- Dumping data for table `tbl_student`
--

INSERT INTO `tbl_student` (`id`, `datetime_created`, `first_name`, `last_name`, `middle_name`, `name`, `contact_number`, `home_address`, `email`, `notes`, `photo`, `birthdate`) VALUES
(15, '2013-08-25 14:57:14', 'Jessie Mae', 'Cafe', 'Villarin', 'Cafe, Jessie Mae V', '09468690325', 'Purok 8 Upper Communal Tibungco, Davao City', 'jsing.cafe11@gmail.com', 'In case of emergency:\r\nGilberto A. Leyva (Uncle) - 09103345995', '', '1984-07-22'),
(16, '2013-08-25 14:59:17', 'Harriette Alexandra ', 'Cabigao', 'Tabanyag', 'Cabigao, Harriette Alexandra  T', '09332079685', 'Rose St Rose Ville Lanang, Davao City', 'QtPuching@yahoo.com', 'Emergency: Sheryl Lyn Cabigao (mother) - 09228231042', '', '2003-03-14'),
(17, '2013-08-25 15:01:00', 'Francis Angelo', 'Cinco', 'Lestojas', 'Cinco, Francis Angelo L', '09199996224', 'Villarica, Babak District, Island Garden City of Samal', 'maricellestojascinco@yahoo.com', 'Emergency: Maricel Cinco (mother) - 09199996224 / 09286573879', '', '2000-06-03'),
(18, '2013-08-25 15:02:58', 'Ybarra', 'Santa Cruz', 'Lim', 'Santa Cruz, Ybarra L', '09277783791', 'No 15 Garnet St, Marfori Heights Subd, Davao City', 'miyen@rocketmail.com', 'Emergency: Irene Lim (mother) - 09277783791/3006895', '', '2003-01-05'),
(19, '2013-08-25 15:04:44', 'Claudette Yzabel ', 'Uy', 'Bios', 'Uy, Claudette Yzabel  B', '09328911105', 'B14 L5 P2, New Zealand St Vista Verde Vill, Panacan, DC', 'rosabel.bios@yahoo.com', 'Emergency: Rosabel Bios (mother) 09328911105', '', '2003-07-17'),
(20, '2013-08-25 15:06:16', 'John Derrick', 'Divino', 'Bandoquillo', 'Divino, John Derrick B', '09228358134', '345 Palm Drive Buhangin Davao City', 'mbdivine@yahoo.com', 'Emergency: May Divino (mother) - 09228358134', '', '2004-06-07'),
(21, '2013-08-25 15:08:00', 'Darwin Deane', 'Divino', 'Bandoquillo', 'Divino, Darwin Deane B', '09322753237', '345 Palm Drive Buhangin, Davao City', 'the3dee2393@gmail.com', 'Emergency: May Divino (mother) - 09228358134', '', '1993-09-23'),
(22, '2013-08-25 15:09:33', 'Mnelpei', 'Astillo', 'Dela Cerna', 'Astillo, Mnelpei D', '09327272479', '20 Surveyor St, GSIS Matina, Davao City', '', 'Emergency: Apryl Astillo (aunt) - 09327272479', '', '1997-11-15'),
(23, '2013-08-25 15:11:04', 'Apryl', 'Astillo', 'Olais', 'Astillo, Apryl O', '09425502099', '20 Surveyor St, GSIS Matina Davao City', 'aprylastillo@gmail.com', 'Emergency: Chezka Juat (niece) 09235195707', '', '1984-04-09'),
(24, '2013-08-25 15:12:40', 'Wilmgrace', 'Astillo', 'Dela Cerna', 'Astillo, Wilmgrace D', '09422441125', 'Prk Sta Maria Dumanlas Buhangin Davao City', 'aprylastillo@gmail.com', 'Emergency: Apryl Astillo (aunt) 09422441125', '', '2001-12-15'),
(25, '2013-08-25 15:13:53', 'Julianne', 'Javier', 'Nograles', 'Javier, Julianne N', '2865512', 'Guadalupe Village Lanang Davao City', 'jicjavier@gmail.com', 'Emergency: Annie Javier (mother) - 2273630', '', '2001-11-22'),
(26, '2013-08-25 15:15:34', 'Sabina Rachel', 'Tungpalan', 'Santos', 'Tungpalan, Sabina Rachel S', '09332317255', '118 Mac Arthur Highway, Matina Davao City', 'sabina.tungpalan@yahoo.com', 'Emergency: Sally Tungpalan (mother) 09228907052', '', '1998-04-21'),
(27, '2013-08-25 15:17:05', 'Jamaica Desiree', 'Zaragosa', 'Penpina', 'Zaragosa, Jamaica Desiree P', '09232303253', 'Blk 38 Lot 23 Suraya Homes, Cabantian Davao City', 'jamaica_rocks34@yahoo.com', 'Emergency: Loretta P. Luy ', '', '1993-11-22'),
(28, '2013-08-25 15:18:35', 'Rigel Lyra Faith', 'Micolob', 'Bernabe', 'Micolob, Rigel Lyra Faith B', '09321659720', '26, 1st Ave Alpa Executive Homes, Matina Davao City', 'micolobrigel@yahoo.com', 'Emergency: Dwine Glenda Micolob (mother) - 09203405934', '', '1994-10-10'),
(29, '2013-08-25 15:20:23', 'Bernice Kai', 'Viray', 'Partosa', 'Viray, Bernice Kai P', '09216387283', '1-28 St Peter J Eymard Brgy 19-B Diversion Road DC', 'jhonoo266@yahoo.com', 'Emergency: Benito Viray (father) - 09164945076', '', '2008-11-09'),
(30, '2013-08-25 15:22:28', 'Leila', 'Hamdain', 'Ferrer', 'Hamdain, Leila F', '09222145999', '#21 Garnet St Marfori Heights Davao City', 'adia_lei@yahoo.com', 'Emergency: Elena Ferrer (mother) - 09222145999', '', '2002-09-26'),
(31, '2013-08-25 15:23:51', 'Amanda Savine', 'Pinpin', 'Imai', 'Pinpin, Amanda Savine I', '09209503985', '50 Camella Ave Ladislawa Village Davao City', 'sipinpin1@yahoo.com', 'Emergency: Sandra Pinpin (mother) - 09209503985', '', '2004-07-29'),
(32, '2013-08-25 15:25:18', 'Katrina Isabelle', 'Cansancio', 'Pacifico', 'Cansancio, Katrina Isabelle P', '09183496277', '21 Daisy Phase 4-A Elrio Vista Bacaca Davao City', '', 'Emergency: Agnes Cansancio (mother) - 09183496277', '', '2008-11-17'),
(33, '2013-08-25 15:26:40', 'Cherry Lyn', 'Remolador', 'Nabos', 'Remolador, Cherry Lyn N', '3008592', '81 San Miguel Dumanlas Buhangin Davao City', '', 'Emergency: Perry Remolador (brother) - 3008592', '', '1971-11-22'),
(34, '2013-09-02 07:32:50', 'Portia Anjelle ', 'Canlas', 'Royo', 'Canlas, Portia Anjelle  R', '09176245940 / 2843188', '185 Mabolo St., Nova Tierra Subd Davao City', 'nacanlas@yahoo.com', '', '52243f2289d0e.png', '2006-02-23'),
(35, '2013-09-02 08:19:09', 'Ricardo Angelo', 'Ferrazzini', 'A', 'Ferrazzini, Ricardo Angelo A', '09065721188/09228576726', 'Ferrazzini Cpd.,Palm Drive,Buhangin, Davao City', '', '', '', '1999-06-23'),
(36, '2013-09-02 08:25:49', 'Inna Vincenza', 'Cero', 'Gelido', 'Cero, Inna Vincenza G', '09174360951/3050414', 'Clapper Rail st., Belisario Heights Lanang Davao City', '', '', '', '2001-11-26'),
(37, '2013-09-02 08:29:17', 'Tomas Emil Alessio', 'Cero', 'Gelido', 'Cero, Tomas Emil Alessio G', '09174360951/3050414', 'Clapper Rail st., Belisario Heights Lanang Davao City', '', '', '', '2003-05-28'),
(38, '2013-09-02 08:32:13', 'Annika Eloise', 'Te', 'Grapa', 'Te, Annika Eloise G', '09177014133/221-1665', 'Dahlia Loop, Ladislawa Village, Davao City', '', '', '', '2006-02-07'),
(39, '2013-09-04 01:03:25', 'Archimedes', 'Udaundo', 'Abrea', 'Udaundo, Archimedes A', '09305104618', 'Block G- 3 lot 18 #33 S.I.R Phase- 2 Matina, Davao City', 'udaundoarchie@yahoo.com', '', '', '1995-12-14'),
(41, '2013-09-04 05:08:43', 'Julia ', 'Serad', 'Paraguya', 'Serad, Julia  P', '09306836602', 'PRK. 5 SAN MIGUEL TAGUM CITY', 'Julia.serad@yahoo.com', '', '', '1996-07-08'),
(46, '2013-09-06 03:55:19', 'Jacob Sebastian', 'Villadolid', 'a', 'Villadolid, Jacob Sebastian a', '09228812538', '', '', '', '', '0000-00-00'),
(47, '2013-09-06 03:56:20', 'Juliane Maree', 'Villadolid', 'a', 'Villadolid, Juliane Maree a', '09228812538 ', '', '', '', '', '0000-00-00'),
(48, '2013-09-06 03:57:39', 'Dorothy Jane', 'Milo', 'Dondoiano', 'Milo, Dorothy Jane D', '09998878653', 'Diamond Village Lanang Davao City', 'dorothyjanemilo@yahoo.com', 'contact person: Editha D. Milo (mother)\r\n09094929539', '', '1987-08-15'),
(49, '2013-09-06 03:59:06', 'Karen June', 'Ybanez', 'Busgano', 'Ybanez, Karen June B', '09228370614', 'Camia St.,Polomolok,So.Cotabato', 'kbybanez@gmail.com', 'contact person:\r\nMiguel Busgano (father)\r\n09207414386', '', '1977-06-30'),
(50, '2013-09-09 06:32:41', 'Jeffrey', 'Canuto', 'Sinco', 'Canuto, Jeffrey S', '09302951714', '', 'JEFFREY_CANUTO@ROCKETMAIL', '', '', '1993-07-04'),
(51, '2013-09-11 06:51:47', 'Christian Niel', 'Bahaya', 'Retiza', 'Bahaya, Christian Niel R', '09331502775', '34s Palm Drive Buhangin Davao City', 'christianniel95gmail.com', 'Nilda Bahaya\r\nMother\r\nDigos City\r\n09206591792', '', '1995-05-30'),
(52, '2013-09-11 06:52:47', 'Joemark', 'Tumala', 'Aton', 'Tumala, Joemark A', '09494198828', '34s Palm Drive Buhangin Davao City', '', '', '', '0000-00-00'),
(53, '2013-09-11 06:53:49', 'John Rey', 'Estudillo', 'Salao', 'Estudillo, John Rey S', '09333889344', '34s Palm Drive Buhangin Davao City', '', '', '', '0000-00-00'),
(54, '2013-09-14 06:30:51', 'Sora', 'Aramaki', 'Salvo', 'Aramaki, Sora S', '09218325692', 'B-26 Lot11, Sumatra Drive, Vincent Heights, Mamay Davao City', 'sora_sang@yahoo.com', 'NOVA E. SALVO\r\nMOTHER\r\nB-26 Lot11, Sumatra Drive, Vincent Heights, Mamay Davao City\r\n09218325692', '', '2003-03-01'),
(55, '2013-09-18 04:32:20', 'Mikee Lorraine', 'Coronas', 'Abang', 'Coronas, Mikee Lorraine A', '09231918610', '127 Iluminada St. Hacienda Heights,Old Airport,Sasa, Davao City', '', 'Emergency:Jocelyn Abang- Tita', '', '2008-09-11'),
(56, '2013-09-19 02:02:20', 'Dana Ree', 'Espanol', 'none', 'Espanol, Dana Ree n', '09234500436', 'none', '', 'Emergency:Beth Espanol- Mother', '', '2013-09-01');

-- --------------------------------------------------------

--
-- Table structure for table `tbl_studio`
--

CREATE TABLE IF NOT EXISTS `tbl_studio` (
  `id` bigint(20) NOT NULL AUTO_INCREMENT,
  `code` varchar(50) NOT NULL,
  `name` varchar(255) NOT NULL,
  `description` varchar(255) NOT NULL,
  `notes` text NOT NULL,
  PRIMARY KEY (`id`)
) ENGINE=InnoDB  DEFAULT CHARSET=latin1 AUTO_INCREMENT=28 ;

--
-- Dumping data for table `tbl_studio`
--

INSERT INTO `tbl_studio` (`id`, `code`, `name`, `description`, `notes`) VALUES
(12, 'Studio 1', 'Studio A', 'Drums (Raffy)', ''),
(13, 'Studio 2 ', 'Studio B', 'Band Rehearsal', 'All Instruments\r\n'),
(16, 'Studio 3', 'Studio C', 'Drums (Rondale)', ''),
(17, 'Studio 4', 'Studio D', 'Sax & Flute (extra room)', ''),
(18, 'Studio 5', 'Studio E', 'Bass', ''),
(19, 'Studio 6', 'Studio F', 'Big Room', 'with Piano'),
(20, 'Studio 7', 'Studio G', 'Guitar (Luckee)', ''),
(21, 'Studio 8', 'Studio H', 'Violin', ''),
(22, 'Studio 9', 'Studio I', 'Voice (Juliet)', ''),
(23, 'Studio 10 ', 'Studio J', 'Voice (Koi & Je)', ''),
(24, 'Studio 11', 'Studio K', 'Voice (Janice)', ''),
(25, 'Studio 12', 'Studio L', 'Piano (Chester & Cacho)', ''),
(26, 'Studio 13', 'Studio M', 'Piano (Rose)', ''),
(27, 'Studio 14', 'Studio N', 'Recording Studio', '');

-- --------------------------------------------------------

--
-- Table structure for table `tbl_teacher`
--

CREATE TABLE IF NOT EXISTS `tbl_teacher` (
  `id` bigint(20) NOT NULL AUTO_INCREMENT,
  `datetime_created` timestamp NOT NULL DEFAULT CURRENT_TIMESTAMP ON UPDATE CURRENT_TIMESTAMP,
  `first_name` varchar(255) NOT NULL,
  `last_name` varchar(255) NOT NULL,
  `middle_name` varchar(255) NOT NULL,
  `name` varchar(255) NOT NULL,
  `contact_number` varchar(50) NOT NULL,
  `email` varchar(255) NOT NULL,
  `active` int(11) NOT NULL DEFAULT '1',
  `notes` text NOT NULL,
  `salary_rate` float NOT NULL,
  `address` varchar(255) NOT NULL,
  `birthdate` date DEFAULT NULL,
  `photo` varchar(255) NOT NULL,
  PRIMARY KEY (`id`)
) ENGINE=InnoDB  DEFAULT CHARSET=latin1 AUTO_INCREMENT=25 ;

--
-- Dumping data for table `tbl_teacher`
--

INSERT INTO `tbl_teacher` (`id`, `datetime_created`, `first_name`, `last_name`, `middle_name`, `name`, `contact_number`, `email`, `active`, `notes`, `salary_rate`, `address`, `birthdate`, `photo`) VALUES
(10, '2013-08-09 10:40:10', 'Jeremy ', 'Sarmiento', 'Remolador', 'Sarmiento, Jeremy  R', '09228247971', 'jeremysarmiento@yahoo.com', 1, '', 0, 'Zone 2 Aplicador St, Dumanlas Buhangin Davao City', '1980-11-23', '1377533644jeremy.jpg'),
(11, '2013-08-09 10:41:15', 'Rafael "Raffy"', 'Donato', 'Silva', 'Donato, Rafael "Raffy" S', '09175586720', 'marcus_phenom@yahoo.com', 1, '', 0, 'Lot19 B26 Narra Lane Phase II Woodridge Maa Davao City', '1975-01-23', '1377527319raffy.jpg'),
(12, '2013-08-09 10:44:50', 'Janice', 'Uy', 'Taparan', 'Uy, Janice T', '09234009708', 'JaniceUy31@gmail.com', 1, '', 0, 'Lot19 B26 Narra Lane Phase II Woodridge Maa Davao City', '1980-10-26', '1377533748janice.jpg'),
(13, '2013-08-09 10:46:21', 'Koi', 'Sevilla', 'a', 'Sevilla, Koi a', '09062202521 / 09328642881', '', 1, '', 0, '', '2013-08-19', '1377533719koi.jpg'),
(14, '2013-08-09 10:47:18', 'Rosalinda', 'Cabural', 'Tulang', 'Cabural, Rosalinda T', '09264414140', 'yancabural24@yahoo.com', 1, '', 0, 'No 156 R Castillo St Agdao Davao City', '1971-02-25', '1377527271rose.jpg'),
(15, '2013-08-09 10:47:51', 'Chester "Bogets"', 'Herrero', 'Elegino', 'Herrero, Chester "Bogets" E', '09336157990', 'chesterherrero@yahoo.com', 1, '', 0, '720 Pioneer Village Buhangin Davao City', '1984-04-26', '1377528292chester.jpg'),
(16, '2013-08-09 10:48:34', 'Paul Chrysler Ian "Lean"', 'Badiang', 'Ceazar', 'Badiang, Paul Chrysler Ian "Lean" C', '09323803943', 'chrysbadz@yahoo.com', 1, '', 0, 'Golden Shower St Mintal Davao City', '1989-09-05', '1377526753chrysler.jpg'),
(17, '2013-08-09 10:49:06', 'Benson "Ton2x"', 'Hibionada', 'Neniel', 'Hibionada, Benson "Ton2x" N', '09234870567', 'tonzy08@gmail.com', 1, '', 0, 'Km 17, Ilang, Davao City', '1987-02-08', '1377531303benson.jpg'),
(18, '2013-08-09 10:57:18', 'Juliet', 'Bahala', 'Panilag', 'Bahala, Juliet P', '09423580947', 'ejjulz_bahala@yahoo.com.ph', 1, 'Emergency: Esabelita Bahala (mother) - 09212581912', 0, 'Waling-Waling St Buhangin Davao City', '1991-03-30', '1377526799juliet.jpg'),
(19, '2013-08-09 13:30:54', 'Jonathan "Cacho"', 'Ferrero', 'Morales', 'Ferrero, Jonathan "Cacho" M', '09335851197', 'Jonathan_Ferrero@rocketmail.com', 1, '', 0, '#2 Oriole St Saint Michael Village Ma-a Davao City', '1975-01-30', '1377527360cacho.jpg'),
(20, '2013-08-25 17:18:09', 'Everjesto Jr', 'Caballero', 'Apac', 'Caballero, Everjesto Jr A', '09285352633', 'EVERLEN30@yahoo.com', 1, '', 0, 'B-18-16 Samantha Homes Bago Gallera Davao City', '1983-10-07', '1377527228ever.jpg'),
(21, '2013-08-25 17:21:22', 'Mark Luckee', 'Ranes', 'Manglicmot', 'Ranes, Mark Luckee M', '09334475930', 'luckee_4me@yahoo.com', 1, '', 0, 'B4 L28 Mississippi St Davao Farm Subd Jerome Agdao DC', '1992-10-29', '1377532898luckie.jpg'),
(22, '2013-08-25 17:23:47', 'Rennie', 'Reyes', 'Plazos', 'Reyes, Rennie P', '09323051520', 'saxman1983@ymail.com', 1, '', 0, '53-A Mt Apo St Juliville Subd Tigatto Buhangin Davao City', '1983-06-29', '1377532994ren.jpg'),
(23, '2013-08-25 17:25:12', 'Rondale', 'Pancho', 'Trazo', 'Pancho, Rondale T', '09236845439', 'rondalepancho@yahoo.com', 1, '', 0, 'B48 L4 Phase 2 Timothy St Emily Homes Cabantian DC', '1981-02-09', '1377533791rondale.jpg'),
(24, '2013-08-25 17:30:43', 'Reyjan "RJ"', 'Pimentel', 'Quezona', 'Pimentel, Reyjan "RJ" Q', '09473959808', 'rjpimentel91@yahoo.com', 1, '', 0, 'Cal I Village Tibungco Davao City', '1991-01-15', '1377532799rj.jpg');

-- --------------------------------------------------------

--
-- Table structure for table `tbl_teacher_schedule`
--

CREATE TABLE IF NOT EXISTS `tbl_teacher_schedule` (
  `id` bigint(20) NOT NULL AUTO_INCREMENT,
  `teacher_id` bigint(20) NOT NULL,
  `day` varchar(20) NOT NULL,
  `day_num` int(11) NOT NULL,
  `time_from` time NOT NULL,
  `time_to` time NOT NULL,
  PRIMARY KEY (`id`)
) ENGINE=InnoDB  DEFAULT CHARSET=latin1 AUTO_INCREMENT=701 ;

--
-- Dumping data for table `tbl_teacher_schedule`
--

INSERT INTO `tbl_teacher_schedule` (`id`, `teacher_id`, `day`, `day_num`, `time_from`, `time_to`) VALUES
(47, 6, 'Mon', 1, '09:00:01', '10:00:00'),
(55, 6, 'Mon', 1, '11:00:01', '00:00:00'),
(57, 6, 'Tue', 2, '09:00:01', '10:00:00'),
(58, 6, 'Tue', 2, '11:00:01', '12:00:00'),
(59, 6, 'Tue', 2, '13:00:01', '14:00:00'),
(60, 6, 'Mon', 1, '13:00:01', '14:00:00'),
(61, 6, 'Mon', 1, '10:00:01', '11:00:00'),
(62, 6, 'Mon', 1, '11:00:01', '00:00:00'),
(63, 8, 'Mon', 1, '11:00:01', '12:00:00'),
(64, 7, 'Mon', 1, '09:00:01', '10:00:00'),
(65, 7, 'Tue', 2, '09:00:01', '10:00:00'),
(70, 18, 'Mon', 1, '09:00:01', '10:00:00'),
(71, 18, 'Mon', 1, '10:00:01', '11:00:00'),
(74, 18, 'Tue', 2, '09:00:01', '10:00:00'),
(75, 18, 'Mon', 1, '13:00:01', '14:00:00'),
(76, 18, 'Mon', 1, '14:00:01', '15:00:00'),
(77, 18, 'Mon', 1, '15:00:01', '16:00:00'),
(78, 18, 'Mon', 1, '16:00:01', '17:00:00'),
(79, 18, 'Mon', 1, '17:00:01', '18:00:00'),
(80, 18, 'Mon', 1, '18:00:01', '19:00:00'),
(81, 18, 'Mon', 1, '19:00:01', '20:00:00'),
(82, 18, 'Mon', 1, '20:00:01', '21:00:00'),
(88, 18, 'Wed', 3, '09:00:01', '10:00:00'),
(89, 18, 'Thu', 4, '09:00:01', '10:00:00'),
(90, 18, 'Fri', 5, '09:00:01', '10:00:00'),
(91, 18, 'Sat', 6, '09:00:01', '10:00:00'),
(92, 18, 'Tue', 2, '10:00:01', '11:00:00'),
(93, 18, 'Wed', 3, '10:00:01', '11:00:00'),
(94, 18, 'Thu', 4, '10:00:01', '11:00:00'),
(95, 18, 'Fri', 5, '10:00:01', '11:00:00'),
(96, 18, 'Sat', 6, '10:00:01', '11:00:00'),
(98, 18, 'Tue', 2, '13:00:01', '14:00:00'),
(99, 18, 'Wed', 3, '13:00:01', '14:00:00'),
(100, 18, 'Thu', 4, '13:00:01', '14:00:00'),
(101, 18, 'Fri', 5, '13:00:01', '14:00:00'),
(102, 18, 'Sat', 6, '13:00:01', '14:00:00'),
(107, 18, 'Tue', 2, '14:00:01', '15:00:00'),
(108, 18, 'Wed', 3, '14:00:01', '15:00:00'),
(109, 18, 'Thu', 4, '14:00:01', '15:00:00'),
(110, 18, 'Fri', 5, '14:00:01', '15:00:00'),
(111, 18, 'Sat', 6, '14:00:01', '15:00:00'),
(112, 18, 'Tue', 2, '15:00:01', '16:00:00'),
(113, 18, 'Wed', 3, '15:00:01', '16:00:00'),
(114, 18, 'Thu', 4, '15:00:01', '16:00:00'),
(115, 18, 'Fri', 5, '15:00:01', '16:00:00'),
(116, 18, 'Sat', 6, '15:00:01', '16:00:00'),
(117, 18, 'Tue', 2, '16:00:01', '17:00:00'),
(118, 18, 'Wed', 3, '16:00:01', '17:00:00'),
(119, 18, 'Thu', 4, '16:00:01', '17:00:00'),
(120, 18, 'Fri', 5, '16:00:01', '17:00:00'),
(121, 18, 'Tue', 2, '17:00:01', '18:00:00'),
(122, 18, 'Wed', 3, '17:00:01', '18:00:00'),
(123, 18, 'Thu', 4, '17:00:01', '18:00:00'),
(124, 18, 'Fri', 5, '17:00:01', '18:00:00'),
(125, 18, 'Tue', 2, '18:00:01', '19:00:00'),
(126, 18, 'Wed', 3, '18:00:01', '19:00:00'),
(127, 18, 'Thu', 4, '18:00:01', '19:00:00'),
(128, 18, 'Fri', 5, '18:00:01', '19:00:00'),
(129, 18, 'Tue', 2, '19:00:01', '20:00:00'),
(130, 18, 'Wed', 3, '19:00:01', '20:00:00'),
(131, 18, 'Thu', 4, '19:00:01', '20:00:00'),
(132, 18, 'Fri', 5, '19:00:01', '20:00:00'),
(134, 18, 'Tue', 2, '20:00:01', '21:00:00'),
(135, 18, 'Wed', 3, '20:00:01', '21:00:00'),
(136, 18, 'Thu', 4, '20:00:01', '21:00:00'),
(137, 18, 'Fri', 5, '20:00:01', '21:00:00'),
(143, 21, 'Tue', 2, '09:00:01', '10:00:00'),
(144, 21, 'Tue', 2, '10:00:01', '11:00:00'),
(145, 21, 'Tue', 2, '11:00:01', '12:00:00'),
(146, 21, 'Tue', 2, '13:00:01', '14:00:00'),
(147, 21, 'Thu', 4, '09:00:01', '10:00:00'),
(148, 21, 'Thu', 4, '10:00:01', '11:00:00'),
(149, 21, 'Thu', 4, '11:00:01', '12:00:00'),
(150, 21, 'Thu', 4, '13:00:01', '14:00:00'),
(151, 21, 'Sat', 6, '09:00:01', '10:00:00'),
(152, 21, 'Sat', 6, '10:00:01', '11:00:00'),
(153, 21, 'Sat', 6, '11:00:01', '12:00:00'),
(154, 21, 'Sat', 6, '12:00:01', '13:00:00'),
(155, 21, 'Sat', 6, '13:00:01', '14:00:00'),
(156, 16, 'Mon', 1, '10:00:01', '11:00:00'),
(157, 16, 'Mon', 1, '11:00:01', '12:00:00'),
(158, 16, 'Mon', 1, '13:00:01', '14:00:00'),
(159, 16, 'Mon', 1, '14:00:01', '15:00:00'),
(160, 16, 'Mon', 1, '15:00:01', '16:00:00'),
(161, 16, 'Mon', 1, '16:00:01', '17:00:00'),
(162, 16, 'Tue', 2, '10:00:01', '11:00:00'),
(163, 16, 'Tue', 2, '11:00:01', '12:00:00'),
(164, 16, 'Tue', 2, '13:00:01', '14:00:00'),
(165, 16, 'Tue', 2, '14:00:01', '15:00:00'),
(166, 16, 'Tue', 2, '15:00:01', '16:00:00'),
(167, 16, 'Tue', 2, '16:00:01', '17:00:00'),
(168, 16, 'Wed', 3, '10:00:01', '11:00:00'),
(169, 16, 'Wed', 3, '11:00:01', '12:00:00'),
(170, 16, 'Wed', 3, '13:00:01', '14:00:00'),
(171, 16, 'Wed', 3, '14:00:01', '15:00:00'),
(172, 16, 'Wed', 3, '15:00:01', '16:00:00'),
(173, 16, 'Wed', 3, '16:00:01', '17:00:00'),
(174, 16, 'Thu', 4, '10:00:01', '11:00:00'),
(175, 16, 'Thu', 4, '11:00:01', '12:00:00'),
(176, 16, 'Thu', 4, '13:00:01', '14:00:00'),
(177, 16, 'Thu', 4, '14:00:01', '15:00:00'),
(178, 16, 'Thu', 4, '15:00:01', '16:00:00'),
(179, 16, 'Thu', 4, '16:00:01', '17:00:00'),
(180, 16, 'Fri', 5, '10:00:01', '11:00:00'),
(181, 16, 'Fri', 5, '11:00:01', '12:00:00'),
(182, 16, 'Fri', 5, '13:00:01', '14:00:00'),
(183, 16, 'Fri', 5, '14:00:01', '15:00:00'),
(184, 16, 'Fri', 5, '16:00:01', '17:00:00'),
(185, 16, 'Sat', 6, '10:00:01', '11:00:00'),
(186, 16, 'Sat', 6, '11:00:01', '12:00:00'),
(187, 16, 'Sat', 6, '13:00:01', '14:00:00'),
(188, 16, 'Sat', 6, '14:00:01', '15:00:00'),
(189, 16, 'Sat', 6, '15:00:01', '16:00:00'),
(190, 16, 'Sat', 6, '16:00:01', '17:00:00'),
(191, 20, 'Mon', 1, '09:00:01', '10:00:00'),
(192, 20, 'Mon', 1, '10:00:01', '11:00:00'),
(193, 20, 'Mon', 1, '11:00:01', '12:00:00'),
(194, 20, 'Mon', 1, '12:00:01', '13:00:00'),
(195, 20, 'Mon', 1, '13:00:01', '14:00:00'),
(196, 20, 'Mon', 1, '14:00:01', '15:00:00'),
(197, 20, 'Mon', 1, '15:00:01', '16:00:00'),
(198, 20, 'Mon', 1, '16:00:01', '17:00:00'),
(199, 20, 'Tue', 2, '09:00:01', '10:00:00'),
(200, 20, 'Tue', 2, '10:00:01', '11:00:00'),
(201, 20, 'Tue', 2, '11:00:01', '12:00:00'),
(202, 20, 'Tue', 2, '12:00:01', '13:00:00'),
(203, 20, 'Tue', 2, '13:00:01', '14:00:00'),
(204, 20, 'Wed', 3, '09:00:01', '10:00:00'),
(205, 20, 'Wed', 3, '10:00:01', '11:00:00'),
(206, 20, 'Wed', 3, '11:00:01', '12:00:00'),
(207, 20, 'Wed', 3, '12:00:01', '13:00:00'),
(208, 20, 'Wed', 3, '13:00:01', '14:00:00'),
(209, 20, 'Wed', 3, '14:00:01', '15:00:00'),
(210, 20, 'Wed', 3, '15:00:01', '16:00:00'),
(211, 20, 'Wed', 3, '16:00:01', '17:00:00'),
(212, 20, 'Thu', 4, '09:00:01', '10:00:00'),
(213, 20, 'Thu', 4, '10:00:01', '11:00:00'),
(214, 20, 'Thu', 4, '11:00:01', '12:00:00'),
(215, 20, 'Thu', 4, '12:00:01', '13:00:00'),
(216, 20, 'Thu', 4, '13:00:01', '14:00:00'),
(217, 20, 'Fri', 5, '09:00:01', '10:00:00'),
(218, 20, 'Fri', 5, '10:00:01', '11:00:00'),
(219, 20, 'Fri', 5, '11:00:01', '12:00:00'),
(220, 20, 'Fri', 5, '12:00:01', '13:00:00'),
(221, 20, 'Fri', 5, '13:00:01', '14:00:00'),
(222, 20, 'Fri', 5, '14:00:01', '15:00:00'),
(223, 20, 'Fri', 5, '15:00:01', '16:00:00'),
(224, 20, 'Fri', 5, '16:00:01', '17:00:00'),
(225, 20, 'Sat', 6, '09:00:01', '10:00:00'),
(226, 20, 'Sat', 6, '10:00:01', '11:00:00'),
(227, 20, 'Sat', 6, '11:00:01', '12:00:00'),
(228, 20, 'Sat', 6, '12:00:01', '13:00:00'),
(229, 20, 'Sat', 6, '13:00:01', '14:00:00'),
(230, 20, 'Sat', 6, '14:00:01', '15:00:00'),
(231, 20, 'Sat', 6, '15:00:01', '16:00:00'),
(232, 20, 'Sat', 6, '16:00:01', '17:00:00'),
(233, 14, 'Mon', 1, '09:00:01', '10:00:00'),
(234, 14, 'Mon', 1, '10:00:01', '11:00:00'),
(235, 14, 'Tue', 2, '10:00:01', '11:00:00'),
(236, 14, 'Tue', 2, '09:00:01', '10:00:00'),
(237, 14, 'Wed', 3, '09:00:01', '10:00:00'),
(238, 14, 'Wed', 3, '10:00:01', '11:00:00'),
(239, 14, 'Thu', 4, '10:00:01', '11:00:00'),
(240, 14, 'Thu', 4, '09:00:01', '10:00:00'),
(241, 14, 'Fri', 5, '09:00:01', '10:00:00'),
(242, 14, 'Fri', 5, '10:00:01', '11:00:00'),
(243, 14, 'Sat', 6, '09:00:01', '10:00:00'),
(244, 14, 'Sat', 6, '10:00:01', '11:00:00'),
(245, 14, 'Sat', 6, '11:00:01', '12:00:00'),
(246, 14, 'Sat', 6, '13:00:01', '14:00:00'),
(247, 14, 'Sat', 6, '14:00:01', '15:00:00'),
(248, 14, 'Sat', 6, '15:00:01', '16:00:00'),
(249, 14, 'Sat', 6, '16:00:01', '17:00:00'),
(250, 14, 'Sat', 6, '17:00:01', '18:00:00'),
(251, 11, 'Mon', 1, '09:00:01', '10:00:00'),
(252, 11, 'Mon', 1, '10:00:01', '11:00:00'),
(253, 15, 'Mon', 1, '09:00:01', '10:00:00'),
(254, 15, 'Mon', 1, '10:00:01', '11:00:00'),
(255, 15, 'Mon', 1, '11:00:01', '12:00:00'),
(256, 15, 'Mon', 1, '12:00:01', '13:00:00'),
(257, 11, 'Mon', 1, '11:00:01', '12:00:00'),
(258, 15, 'Mon', 1, '13:00:01', '14:00:00'),
(259, 15, 'Mon', 1, '14:00:01', '15:00:00'),
(260, 15, 'Mon', 1, '15:00:01', '16:00:00'),
(261, 11, 'Mon', 1, '12:00:01', '13:00:00'),
(262, 15, 'Mon', 1, '16:00:01', '17:00:00'),
(263, 15, 'Mon', 1, '17:00:01', '18:00:00'),
(264, 15, 'Mon', 1, '18:00:01', '19:00:00'),
(265, 11, 'Mon', 1, '13:00:01', '14:00:00'),
(266, 15, 'Mon', 1, '19:00:01', '20:00:00'),
(267, 11, 'Mon', 1, '14:00:01', '15:00:00'),
(268, 15, 'Mon', 1, '20:00:01', '21:00:00'),
(269, 15, 'Tue', 2, '09:00:01', '10:00:00'),
(270, 11, 'Mon', 1, '15:00:01', '16:00:00'),
(271, 15, 'Tue', 2, '10:00:01', '11:00:00'),
(272, 15, 'Tue', 2, '11:00:01', '12:00:00'),
(273, 11, 'Mon', 1, '16:00:01', '17:00:00'),
(274, 15, 'Tue', 2, '12:00:01', '13:00:00'),
(275, 15, 'Tue', 2, '13:00:01', '14:00:00'),
(276, 11, 'Mon', 1, '17:00:01', '18:00:00'),
(277, 15, 'Tue', 2, '14:00:01', '15:00:00'),
(278, 11, 'Mon', 1, '18:00:01', '19:00:00'),
(279, 15, 'Tue', 2, '15:00:01', '16:00:00'),
(280, 15, 'Tue', 2, '16:00:01', '17:00:00'),
(281, 11, 'Mon', 1, '19:00:01', '20:00:00'),
(282, 15, 'Tue', 2, '17:00:01', '18:00:00'),
(283, 15, 'Tue', 2, '18:00:01', '19:00:00'),
(284, 15, 'Tue', 2, '19:00:01', '20:00:00'),
(285, 15, 'Tue', 2, '20:00:01', '21:00:00'),
(286, 11, 'Mon', 1, '20:00:01', '21:00:00'),
(287, 11, 'Wed', 3, '09:00:01', '10:00:00'),
(288, 11, 'Wed', 3, '10:00:01', '11:00:00'),
(289, 11, 'Wed', 3, '11:00:01', '12:00:00'),
(290, 11, 'Wed', 3, '12:00:01', '13:00:00'),
(291, 11, 'Wed', 3, '13:00:01', '14:00:00'),
(292, 11, 'Wed', 3, '14:00:01', '15:00:00'),
(293, 11, 'Wed', 3, '15:00:01', '16:00:00'),
(294, 11, 'Wed', 3, '16:00:01', '17:00:00'),
(295, 11, 'Wed', 3, '17:00:01', '18:00:00'),
(296, 11, 'Wed', 3, '18:00:01', '19:00:00'),
(297, 11, 'Wed', 3, '19:00:01', '20:00:00'),
(298, 11, 'Wed', 3, '20:00:01', '21:00:00'),
(299, 15, 'Thu', 4, '09:00:01', '10:00:00'),
(300, 15, 'Thu', 4, '10:00:01', '11:00:00'),
(301, 15, 'Thu', 4, '11:00:01', '12:00:00'),
(302, 15, 'Thu', 4, '12:00:01', '13:00:00'),
(303, 15, 'Thu', 4, '13:00:01', '14:00:00'),
(304, 15, 'Thu', 4, '14:00:01', '15:00:00'),
(305, 15, 'Thu', 4, '15:00:01', '16:00:00'),
(306, 15, 'Thu', 4, '16:00:01', '17:00:00'),
(307, 15, 'Thu', 4, '17:00:01', '18:00:00'),
(308, 15, 'Thu', 4, '18:00:01', '19:00:00'),
(309, 15, 'Thu', 4, '19:00:01', '20:00:00'),
(310, 15, 'Thu', 4, '20:00:01', '21:00:00'),
(311, 15, 'Fri', 5, '09:00:01', '10:00:00'),
(312, 15, 'Fri', 5, '10:00:01', '11:00:00'),
(313, 15, 'Fri', 5, '11:00:01', '12:00:00'),
(314, 11, 'Thu', 4, '09:00:01', '10:00:00'),
(315, 15, 'Fri', 5, '12:00:01', '13:00:00'),
(316, 15, 'Fri', 5, '14:00:01', '15:00:00'),
(317, 15, 'Fri', 5, '13:00:01', '14:00:00'),
(318, 15, 'Fri', 5, '15:00:01', '16:00:00'),
(319, 11, 'Thu', 4, '10:00:01', '11:00:00'),
(320, 15, 'Fri', 5, '16:00:01', '17:00:00'),
(321, 15, 'Fri', 5, '17:00:01', '18:00:00'),
(322, 11, 'Thu', 4, '11:00:01', '12:00:00'),
(323, 15, 'Fri', 5, '18:00:01', '19:00:00'),
(324, 15, 'Fri', 5, '19:00:01', '20:00:00'),
(325, 15, 'Fri', 5, '20:00:01', '21:00:00'),
(326, 11, 'Thu', 4, '12:00:01', '13:00:00'),
(327, 15, 'Sat', 6, '09:00:01', '10:00:00'),
(328, 11, 'Thu', 4, '13:00:01', '14:00:00'),
(329, 15, 'Sat', 6, '10:00:01', '11:00:00'),
(330, 15, 'Sat', 6, '11:00:01', '12:00:00'),
(331, 11, 'Thu', 4, '14:00:01', '15:00:00'),
(332, 15, 'Sat', 6, '12:00:01', '13:00:00'),
(333, 15, 'Sat', 6, '13:00:01', '14:00:00'),
(334, 15, 'Sat', 6, '14:00:01', '15:00:00'),
(335, 15, 'Sat', 6, '15:00:01', '16:00:00'),
(336, 11, 'Thu', 4, '15:00:01', '16:00:00'),
(337, 15, 'Sat', 6, '16:00:01', '17:00:00'),
(338, 15, 'Sat', 6, '17:00:01', '18:00:00'),
(339, 11, 'Thu', 4, '16:00:01', '17:00:00'),
(340, 15, 'Sat', 6, '18:00:01', '19:00:00'),
(341, 15, 'Sat', 6, '19:00:01', '20:00:00'),
(342, 15, 'Sat', 6, '20:00:01', '21:00:00'),
(343, 11, 'Thu', 4, '17:00:01', '18:00:00'),
(344, 11, 'Thu', 4, '18:00:01', '19:00:00'),
(345, 11, 'Thu', 4, '19:00:01', '20:00:00'),
(346, 11, 'Thu', 4, '20:00:01', '21:00:00'),
(347, 11, 'Fri', 5, '09:00:01', '10:00:00'),
(348, 17, 'Mon', 1, '14:00:01', '15:00:00'),
(349, 11, 'Fri', 5, '10:00:01', '11:00:00'),
(350, 17, 'Mon', 1, '15:00:01', '16:00:00'),
(351, 17, 'Mon', 1, '16:00:01', '17:00:00'),
(352, 17, 'Mon', 1, '17:00:01', '18:00:00'),
(353, 17, 'Mon', 1, '18:00:01', '19:00:00'),
(354, 11, 'Fri', 5, '11:00:01', '12:00:00'),
(355, 17, 'Tue', 2, '14:00:01', '15:00:00'),
(356, 11, 'Fri', 5, '12:00:01', '13:00:00'),
(357, 17, 'Tue', 2, '15:00:01', '16:00:00'),
(358, 17, 'Tue', 2, '16:00:01', '17:00:00'),
(359, 17, 'Tue', 2, '17:00:01', '18:00:00'),
(360, 11, 'Fri', 5, '13:00:01', '14:00:00'),
(361, 17, 'Tue', 2, '18:00:01', '19:00:00'),
(362, 17, 'Wed', 3, '14:00:01', '15:00:00'),
(363, 17, 'Wed', 3, '15:00:01', '16:00:00'),
(364, 11, 'Fri', 5, '14:00:01', '15:00:00'),
(365, 17, 'Wed', 3, '16:00:01', '17:00:00'),
(366, 11, 'Fri', 5, '15:00:01', '16:00:00'),
(367, 17, 'Wed', 3, '17:00:01', '18:00:00'),
(368, 17, 'Wed', 3, '18:00:01', '19:00:00'),
(369, 11, 'Fri', 5, '16:00:01', '17:00:00'),
(370, 17, 'Fri', 5, '14:00:01', '15:00:00'),
(371, 17, 'Fri', 5, '15:00:01', '16:00:00'),
(372, 11, 'Fri', 5, '17:00:01', '18:00:00'),
(373, 17, 'Fri', 5, '16:00:01', '17:00:00'),
(374, 17, 'Fri', 5, '17:00:01', '18:00:00'),
(375, 11, 'Fri', 5, '18:00:01', '19:00:00'),
(376, 17, 'Fri', 5, '18:00:01', '19:00:00'),
(377, 17, 'Sat', 6, '09:00:01', '10:00:00'),
(378, 11, 'Fri', 5, '19:00:01', '20:00:00'),
(379, 17, 'Sat', 6, '10:00:01', '11:00:00'),
(380, 11, 'Fri', 5, '20:00:01', '21:00:00'),
(381, 17, 'Sat', 6, '11:00:01', '12:00:00'),
(382, 17, 'Sat', 6, '12:00:01', '13:00:00'),
(383, 17, 'Sat', 6, '13:00:01', '14:00:00'),
(384, 17, 'Sat', 6, '14:00:01', '15:00:00'),
(385, 17, 'Sat', 6, '15:00:01', '16:00:00'),
(386, 17, 'Sat', 6, '16:00:01', '17:00:00'),
(387, 11, 'Sat', 6, '09:00:01', '10:00:00'),
(388, 11, 'Sat', 6, '10:00:01', '11:00:00'),
(389, 11, 'Sat', 6, '11:00:01', '12:00:00'),
(390, 11, 'Sat', 6, '12:00:01', '13:00:00'),
(391, 11, 'Sat', 6, '13:00:01', '14:00:00'),
(392, 11, 'Sat', 6, '14:00:01', '15:00:00'),
(393, 11, 'Sat', 6, '15:00:01', '16:00:00'),
(394, 11, 'Sat', 6, '16:00:01', '17:00:00'),
(395, 11, 'Sat', 6, '17:00:01', '18:00:00'),
(396, 23, 'Mon', 1, '09:00:01', '10:00:00'),
(397, 23, 'Mon', 1, '10:00:01', '11:00:00'),
(398, 23, 'Mon', 1, '11:00:01', '12:00:00'),
(399, 23, 'Mon', 1, '13:00:01', '14:00:00'),
(400, 23, 'Mon', 1, '14:00:01', '15:00:00'),
(401, 23, 'Mon', 1, '15:00:01', '16:00:00'),
(402, 23, 'Mon', 1, '16:00:01', '17:00:00'),
(403, 23, 'Mon', 1, '17:00:01', '18:00:00'),
(404, 23, 'Mon', 1, '18:00:01', '19:00:00'),
(405, 23, 'Tue', 2, '09:00:01', '10:00:00'),
(406, 23, 'Tue', 2, '10:00:01', '11:00:00'),
(407, 23, 'Tue', 2, '11:00:01', '12:00:00'),
(408, 11, 'Sat', 6, '18:00:01', '19:00:00'),
(409, 23, 'Tue', 2, '12:00:01', '13:00:00'),
(410, 23, 'Tue', 2, '13:00:01', '14:00:00'),
(411, 11, 'Sat', 6, '19:00:01', '20:00:00'),
(412, 23, 'Tue', 2, '14:00:01', '15:00:00'),
(413, 23, 'Tue', 2, '15:00:01', '16:00:00'),
(414, 23, 'Tue', 2, '16:00:01', '17:00:00'),
(415, 11, 'Sat', 6, '20:00:01', '21:00:00'),
(416, 23, 'Tue', 2, '17:00:01', '18:00:00'),
(417, 23, 'Tue', 2, '18:00:01', '19:00:00'),
(418, 23, 'Wed', 3, '09:00:01', '10:00:00'),
(419, 23, 'Wed', 3, '10:00:01', '11:00:00'),
(420, 23, 'Wed', 3, '11:00:01', '12:00:00'),
(421, 23, 'Wed', 3, '13:00:01', '14:00:00'),
(422, 23, 'Wed', 3, '14:00:01', '15:00:00'),
(423, 23, 'Wed', 3, '15:00:01', '16:00:00'),
(424, 23, 'Wed', 3, '16:00:01', '17:00:00'),
(425, 23, 'Wed', 3, '17:00:01', '18:00:00'),
(426, 23, 'Wed', 3, '18:00:01', '19:00:00'),
(427, 23, 'Thu', 4, '09:00:01', '10:00:00'),
(428, 23, 'Thu', 4, '10:00:01', '11:00:00'),
(429, 23, 'Thu', 4, '11:00:01', '12:00:00'),
(430, 23, 'Thu', 4, '13:00:01', '14:00:00'),
(431, 23, 'Thu', 4, '14:00:01', '15:00:00'),
(432, 23, 'Thu', 4, '15:00:01', '16:00:00'),
(433, 23, 'Thu', 4, '16:00:01', '17:00:00'),
(434, 23, 'Thu', 4, '17:00:01', '18:00:00'),
(435, 23, 'Thu', 4, '18:00:01', '19:00:00'),
(436, 23, 'Fri', 5, '09:00:01', '10:00:00'),
(437, 23, 'Fri', 5, '10:00:01', '11:00:00'),
(438, 23, 'Fri', 5, '11:00:01', '12:00:00'),
(439, 23, 'Fri', 5, '13:00:01', '14:00:00'),
(440, 23, 'Fri', 5, '14:00:01', '15:00:00'),
(441, 23, 'Fri', 5, '15:00:01', '16:00:00'),
(442, 23, 'Fri', 5, '16:00:01', '17:00:00'),
(443, 23, 'Fri', 5, '17:00:01', '18:00:00'),
(444, 23, 'Fri', 5, '18:00:01', '19:00:00'),
(445, 23, 'Sat', 6, '09:00:01', '10:00:00'),
(446, 23, 'Sat', 6, '10:00:01', '11:00:00'),
(447, 23, 'Sat', 6, '11:00:01', '12:00:00'),
(448, 23, 'Sat', 6, '13:00:01', '14:00:00'),
(449, 23, 'Sat', 6, '18:00:01', '19:00:00'),
(450, 24, 'Mon', 1, '13:00:01', '14:00:00'),
(451, 24, 'Mon', 1, '14:00:01', '15:00:00'),
(452, 24, 'Mon', 1, '15:00:01', '16:00:00'),
(453, 24, 'Mon', 1, '16:00:01', '17:00:00'),
(454, 24, 'Mon', 1, '17:00:01', '18:00:00'),
(455, 24, 'Mon', 1, '18:00:01', '19:00:00'),
(456, 24, 'Mon', 1, '19:00:01', '20:00:00'),
(457, 24, 'Mon', 1, '20:00:01', '21:00:00'),
(458, 24, 'Tue', 2, '09:00:01', '10:00:00'),
(459, 24, 'Tue', 2, '10:00:01', '11:00:00'),
(460, 24, 'Tue', 2, '13:00:01', '14:00:00'),
(461, 24, 'Tue', 2, '14:00:01', '15:00:00'),
(462, 24, 'Tue', 2, '15:00:01', '16:00:00'),
(463, 24, 'Tue', 2, '16:00:01', '17:00:00'),
(464, 24, 'Wed', 3, '09:00:01', '10:00:00'),
(465, 24, 'Wed', 3, '10:00:01', '11:00:00'),
(466, 24, 'Wed', 3, '13:00:01', '14:00:00'),
(467, 24, 'Wed', 3, '14:00:01', '15:00:00'),
(468, 24, 'Wed', 3, '15:00:01', '16:00:00'),
(469, 24, 'Wed', 3, '16:00:01', '17:00:00'),
(470, 24, 'Thu', 4, '09:00:01', '10:00:00'),
(471, 24, 'Thu', 4, '10:00:01', '11:00:00'),
(472, 24, 'Thu', 4, '13:00:01', '14:00:00'),
(473, 24, 'Thu', 4, '14:00:01', '15:00:00'),
(474, 24, 'Thu', 4, '15:00:01', '16:00:00'),
(475, 24, 'Thu', 4, '16:00:01', '17:00:00'),
(476, 24, 'Fri', 5, '09:00:01', '10:00:00'),
(477, 24, 'Fri', 5, '10:00:01', '11:00:00'),
(478, 24, 'Fri', 5, '13:00:01', '14:00:00'),
(479, 24, 'Fri', 5, '14:00:01', '15:00:00'),
(480, 24, 'Fri', 5, '15:00:01', '16:00:00'),
(481, 24, 'Fri', 5, '16:00:01', '17:00:00'),
(482, 24, 'Sat', 6, '09:00:01', '10:00:00'),
(483, 24, 'Sat', 6, '10:00:01', '11:00:00'),
(484, 24, 'Sat', 6, '13:00:01', '14:00:00'),
(485, 24, 'Sat', 6, '14:00:01', '15:00:00'),
(486, 24, 'Sat', 6, '15:00:01', '16:00:00'),
(487, 24, 'Sat', 6, '16:00:01', '17:00:00'),
(488, 22, 'Mon', 1, '13:00:01', '14:00:00'),
(489, 22, 'Mon', 1, '14:00:01', '15:00:00'),
(490, 22, 'Mon', 1, '15:00:01', '16:00:00'),
(491, 22, 'Mon', 1, '16:00:01', '17:00:00'),
(492, 22, 'Mon', 1, '17:00:01', '18:00:00'),
(493, 22, 'Mon', 1, '18:00:01', '19:00:00'),
(494, 22, 'Mon', 1, '19:00:01', '20:00:00'),
(495, 22, 'Mon', 1, '20:00:01', '21:00:00'),
(496, 22, 'Tue', 2, '13:00:01', '14:00:00'),
(497, 22, 'Tue', 2, '14:00:01', '15:00:00'),
(498, 22, 'Tue', 2, '15:00:01', '16:00:00'),
(499, 22, 'Tue', 2, '16:00:01', '17:00:00'),
(500, 22, 'Tue', 2, '17:00:01', '18:00:00'),
(501, 22, 'Tue', 2, '18:00:01', '19:00:00'),
(502, 22, 'Tue', 2, '19:00:01', '20:00:00'),
(503, 22, 'Tue', 2, '20:00:01', '21:00:00'),
(504, 22, 'Wed', 3, '13:00:01', '14:00:00'),
(505, 22, 'Wed', 3, '14:00:01', '15:00:00'),
(506, 22, 'Wed', 3, '15:00:01', '16:00:00'),
(507, 22, 'Wed', 3, '16:00:01', '17:00:00'),
(508, 22, 'Wed', 3, '17:00:01', '18:00:00'),
(509, 22, 'Wed', 3, '18:00:01', '19:00:00'),
(510, 22, 'Wed', 3, '19:00:01', '20:00:00'),
(511, 22, 'Wed', 3, '20:00:01', '21:00:00'),
(512, 22, 'Thu', 4, '13:00:01', '14:00:00'),
(513, 22, 'Thu', 4, '14:00:01', '15:00:00'),
(514, 22, 'Thu', 4, '15:00:01', '16:00:00'),
(515, 22, 'Thu', 4, '16:00:01', '17:00:00'),
(516, 22, 'Thu', 4, '17:00:01', '18:00:00'),
(517, 22, 'Thu', 4, '18:00:01', '19:00:00'),
(518, 22, 'Thu', 4, '19:00:01', '20:00:00'),
(519, 22, 'Thu', 4, '20:00:01', '21:00:00'),
(520, 22, 'Fri', 5, '13:00:01', '14:00:00'),
(521, 22, 'Fri', 5, '14:00:01', '15:00:00'),
(522, 22, 'Fri', 5, '15:00:01', '16:00:00'),
(523, 22, 'Fri', 5, '16:00:01', '17:00:00'),
(524, 22, 'Fri', 5, '17:00:01', '18:00:00'),
(525, 22, 'Fri', 5, '18:00:01', '19:00:00'),
(526, 22, 'Fri', 5, '19:00:01', '20:00:00'),
(527, 22, 'Fri', 5, '20:00:01', '21:00:00'),
(531, 22, 'Sat', 6, '09:00:01', '10:00:00'),
(532, 22, 'Sat', 6, '10:00:01', '11:00:00'),
(533, 22, 'Sat', 6, '11:00:01', '12:00:00'),
(534, 22, 'Sat', 6, '12:00:01', '13:00:00'),
(535, 22, 'Sat', 6, '13:00:01', '14:00:00'),
(536, 22, 'Sat', 6, '14:00:01', '15:00:00'),
(537, 22, 'Sat', 6, '15:00:01', '16:00:00'),
(538, 22, 'Sat', 6, '16:00:01', '17:00:00'),
(539, 10, 'Mon', 1, '18:00:01', '19:00:00'),
(540, 10, 'Mon', 1, '19:00:01', '20:00:00'),
(541, 10, 'Tue', 2, '18:00:01', '19:00:00'),
(542, 10, 'Tue', 2, '19:00:01', '20:00:00'),
(543, 10, 'Wed', 3, '18:00:01', '19:00:00'),
(544, 10, 'Wed', 3, '19:00:01', '20:00:00'),
(545, 10, 'Thu', 4, '18:00:01', '19:00:00'),
(546, 10, 'Thu', 4, '19:00:01', '20:00:00'),
(548, 10, 'Fri', 5, '09:00:01', '10:00:00'),
(549, 10, 'Fri', 5, '10:00:01', '11:00:00'),
(550, 10, 'Fri', 5, '11:00:01', '12:00:00'),
(551, 10, 'Fri', 5, '12:00:01', '13:00:00'),
(552, 10, 'Fri', 5, '13:00:01', '14:00:00'),
(553, 10, 'Fri', 5, '14:00:01', '15:00:00'),
(554, 10, 'Fri', 5, '15:00:01', '16:00:00'),
(555, 10, 'Fri', 5, '16:00:01', '17:00:00'),
(556, 10, 'Fri', 5, '17:00:01', '18:00:00'),
(557, 10, 'Fri', 5, '18:00:01', '19:00:00'),
(558, 10, 'Fri', 5, '19:00:01', '20:00:00'),
(559, 10, 'Fri', 5, '20:00:01', '21:00:00'),
(560, 10, 'Sat', 6, '09:00:01', '10:00:00'),
(561, 10, 'Sat', 6, '10:00:01', '11:00:00'),
(562, 10, 'Sat', 6, '11:00:01', '12:00:00'),
(563, 10, 'Sat', 6, '12:00:01', '13:00:00'),
(564, 10, 'Sat', 6, '13:00:01', '14:00:00'),
(565, 10, 'Sat', 6, '14:00:01', '15:00:00'),
(566, 10, 'Sat', 6, '15:00:01', '16:00:00'),
(567, 13, 'Mon', 1, '09:00:01', '10:00:00'),
(568, 13, 'Mon', 1, '10:00:01', '11:00:00'),
(569, 13, 'Mon', 1, '11:00:01', '12:00:00'),
(570, 13, 'Mon', 1, '12:00:01', '13:00:00'),
(571, 13, 'Mon', 1, '13:00:01', '14:00:00'),
(572, 13, 'Mon', 1, '14:00:01', '15:00:00'),
(573, 13, 'Mon', 1, '15:00:01', '16:00:00'),
(574, 13, 'Mon', 1, '16:00:01', '17:00:00'),
(575, 13, 'Mon', 1, '17:00:01', '18:00:00'),
(576, 13, 'Mon', 1, '18:00:01', '19:00:00'),
(577, 13, 'Mon', 1, '19:00:01', '20:00:00'),
(578, 13, 'Mon', 1, '20:00:01', '21:00:00'),
(579, 13, 'Tue', 2, '09:00:01', '10:00:00'),
(580, 13, 'Tue', 2, '10:00:01', '11:00:00'),
(581, 13, 'Tue', 2, '11:00:01', '12:00:00'),
(582, 13, 'Tue', 2, '12:00:01', '13:00:00'),
(583, 13, 'Tue', 2, '13:00:01', '14:00:00'),
(584, 13, 'Tue', 2, '14:00:01', '15:00:00'),
(585, 13, 'Tue', 2, '15:00:01', '16:00:00'),
(586, 13, 'Tue', 2, '16:00:01', '17:00:00'),
(587, 13, 'Tue', 2, '17:00:01', '18:00:00'),
(588, 13, 'Tue', 2, '18:00:01', '19:00:00'),
(589, 13, 'Tue', 2, '19:00:01', '20:00:00'),
(590, 13, 'Tue', 2, '20:00:01', '21:00:00'),
(591, 13, 'Wed', 3, '09:00:01', '10:00:00'),
(592, 13, 'Wed', 3, '10:00:01', '11:00:00'),
(593, 13, 'Wed', 3, '11:00:01', '12:00:00'),
(594, 13, 'Wed', 3, '12:00:01', '13:00:00'),
(595, 13, 'Wed', 3, '13:00:01', '14:00:00'),
(596, 13, 'Wed', 3, '14:00:01', '15:00:00'),
(597, 13, 'Wed', 3, '15:00:01', '16:00:00'),
(598, 13, 'Wed', 3, '16:00:01', '17:00:00'),
(599, 13, 'Wed', 3, '17:00:01', '18:00:00'),
(600, 13, 'Wed', 3, '18:00:01', '19:00:00'),
(601, 13, 'Wed', 3, '19:00:01', '20:00:00'),
(602, 13, 'Wed', 3, '20:00:01', '21:00:00'),
(603, 13, 'Thu', 4, '09:00:01', '10:00:00'),
(604, 13, 'Thu', 4, '10:00:01', '11:00:00'),
(605, 13, 'Thu', 4, '11:00:01', '12:00:00'),
(606, 13, 'Thu', 4, '12:00:01', '13:00:00'),
(607, 13, 'Thu', 4, '13:00:01', '14:00:00'),
(608, 13, 'Thu', 4, '14:00:01', '15:00:00'),
(609, 13, 'Thu', 4, '15:00:01', '16:00:00'),
(610, 13, 'Thu', 4, '16:00:01', '17:00:00'),
(611, 13, 'Thu', 4, '17:00:01', '18:00:00'),
(612, 13, 'Thu', 4, '18:00:01', '19:00:00'),
(613, 13, 'Thu', 4, '19:00:01', '20:00:00'),
(614, 13, 'Thu', 4, '20:00:01', '21:00:00'),
(615, 13, 'Fri', 5, '09:00:01', '10:00:00'),
(616, 13, 'Fri', 5, '10:00:01', '11:00:00'),
(617, 13, 'Fri', 5, '11:00:01', '12:00:00'),
(618, 13, 'Fri', 5, '12:00:01', '13:00:00'),
(619, 13, 'Fri', 5, '13:00:01', '14:00:00'),
(620, 13, 'Fri', 5, '14:00:01', '15:00:00'),
(621, 13, 'Fri', 5, '15:00:01', '16:00:00'),
(622, 13, 'Fri', 5, '16:00:01', '17:00:00'),
(623, 13, 'Fri', 5, '17:00:01', '18:00:00'),
(624, 13, 'Fri', 5, '18:00:01', '19:00:00'),
(625, 13, 'Fri', 5, '19:00:01', '20:00:00'),
(626, 13, 'Fri', 5, '20:00:01', '21:00:00'),
(627, 12, 'Mon', 1, '09:00:01', '10:00:00'),
(628, 12, 'Mon', 1, '10:00:01', '11:00:00'),
(629, 12, 'Mon', 1, '11:00:01', '12:00:00'),
(630, 12, 'Mon', 1, '12:00:01', '13:00:00'),
(631, 12, 'Mon', 1, '13:00:01', '14:00:00'),
(632, 12, 'Mon', 1, '14:00:01', '15:00:00'),
(633, 12, 'Mon', 1, '15:00:01', '16:00:00'),
(634, 12, 'Mon', 1, '16:00:01', '17:00:00'),
(635, 12, 'Mon', 1, '17:00:01', '18:00:00'),
(636, 12, 'Mon', 1, '18:00:01', '19:00:00'),
(637, 12, 'Mon', 1, '19:00:01', '20:00:00'),
(638, 12, 'Mon', 1, '20:00:01', '21:00:00'),
(642, 12, 'Wed', 3, '09:00:01', '10:00:00'),
(643, 12, 'Wed', 3, '10:00:01', '11:00:00'),
(644, 12, 'Wed', 3, '11:00:01', '12:00:00'),
(645, 12, 'Wed', 3, '12:00:01', '13:00:00'),
(646, 12, 'Wed', 3, '13:00:01', '14:00:00'),
(647, 12, 'Wed', 3, '14:00:01', '15:00:00'),
(648, 12, 'Wed', 3, '15:00:01', '16:00:00'),
(649, 12, 'Wed', 3, '16:00:01', '17:00:00'),
(650, 12, 'Wed', 3, '17:00:01', '18:00:00'),
(651, 12, 'Wed', 3, '18:00:01', '19:00:00'),
(652, 12, 'Wed', 3, '19:00:01', '20:00:00'),
(653, 12, 'Wed', 3, '20:00:01', '21:00:00'),
(654, 12, 'Thu', 4, '09:00:01', '10:00:00'),
(655, 12, 'Thu', 4, '10:00:01', '11:00:00'),
(656, 12, 'Thu', 4, '11:00:01', '12:00:00'),
(657, 12, 'Thu', 4, '12:00:01', '13:00:00'),
(658, 12, 'Thu', 4, '13:00:01', '14:00:00'),
(659, 12, 'Thu', 4, '14:00:01', '15:00:00'),
(660, 12, 'Thu', 4, '15:00:01', '16:00:00'),
(661, 12, 'Thu', 4, '16:00:01', '17:00:00'),
(662, 12, 'Thu', 4, '17:00:01', '18:00:00'),
(663, 12, 'Thu', 4, '18:00:01', '19:00:00'),
(664, 12, 'Thu', 4, '19:00:01', '20:00:00'),
(665, 12, 'Thu', 4, '20:00:01', '21:00:00'),
(666, 12, 'Fri', 5, '09:00:01', '10:00:00'),
(667, 12, 'Fri', 5, '10:00:01', '11:00:00'),
(668, 12, 'Fri', 5, '11:00:01', '12:00:00'),
(669, 12, 'Fri', 5, '12:00:01', '13:00:00'),
(670, 12, 'Fri', 5, '13:00:01', '14:00:00'),
(671, 12, 'Fri', 5, '14:00:01', '15:00:00'),
(672, 12, 'Fri', 5, '15:00:01', '16:00:00'),
(673, 12, 'Fri', 5, '16:00:01', '17:00:00'),
(674, 12, 'Fri', 5, '17:00:01', '18:00:00'),
(675, 12, 'Fri', 5, '18:00:01', '19:00:00'),
(676, 12, 'Fri', 5, '19:00:01', '20:00:00'),
(677, 12, 'Fri', 5, '20:00:01', '21:00:00'),
(678, 12, 'Sat', 6, '09:00:01', '10:00:00'),
(679, 12, 'Sat', 6, '10:00:01', '11:00:00'),
(680, 12, 'Sat', 6, '11:00:01', '12:00:00'),
(681, 12, 'Sat', 6, '12:00:01', '13:00:00'),
(682, 12, 'Sat', 6, '13:00:01', '14:00:00'),
(683, 12, 'Sat', 6, '14:00:01', '15:00:00'),
(684, 12, 'Sat', 6, '15:00:01', '16:00:00'),
(685, 12, 'Sat', 6, '16:00:01', '17:00:00'),
(686, 12, 'Sat', 6, '17:00:01', '18:00:00'),
(687, 12, 'Sat', 6, '18:00:01', '19:00:00'),
(688, 12, 'Sat', 6, '19:00:01', '20:00:00'),
(689, 12, 'Sat', 6, '20:00:01', '21:00:00'),
(690, 21, 'Sat', 6, '14:00:01', '15:00:00'),
(691, 13, 'Sat', 6, '17:00:01', '18:00:00'),
(692, 13, 'Sat', 6, '18:00:01', '19:00:00'),
(693, 13, 'Sat', 6, '19:00:01', '20:00:00'),
(694, 13, 'Sat', 6, '20:00:01', '21:00:00'),
(695, 18, 'Mon', 1, '11:00:01', '12:00:00'),
(696, 18, 'Sat', 6, '11:00:01', '12:00:00'),
(697, 18, 'Tue', 2, '11:00:01', '12:00:00'),
(698, 18, 'Wed', 3, '11:00:01', '12:00:00'),
(699, 18, 'Thu', 4, '11:00:01', '12:00:00'),
(700, 18, 'Fri', 5, '11:00:01', '12:00:00');

-- --------------------------------------------------------

--
-- Table structure for table `tbl_test`
--

CREATE TABLE IF NOT EXISTS `tbl_test` (
  `id` bigint(20) NOT NULL AUTO_INCREMENT,
  `student_id` bigint(20) NOT NULL,
  `studio_id` bigint(20) NOT NULL,
  PRIMARY KEY (`id`)
) ENGINE=InnoDB DEFAULT CHARSET=latin1 AUTO_INCREMENT=1 ;

-- --------------------------------------------------------

--
-- Table structure for table `tbl_user`
--

CREATE TABLE IF NOT EXISTS `tbl_user` (
  `id` int(11) NOT NULL AUTO_INCREMENT,
  `username` varchar(128) NOT NULL,
  `password` varchar(128) NOT NULL,
  `email` varchar(128) NOT NULL,
  `type` int(11) NOT NULL,
  PRIMARY KEY (`id`)
) ENGINE=InnoDB  DEFAULT CHARSET=latin1 AUTO_INCREMENT=50 ;

--
-- Dumping data for table `tbl_user`
--

INSERT INTO `tbl_user` (`id`, `username`, `password`, `email`, `type`) VALUES
(22, 'debugger', 'debugger', 'debugger@debugger.com', 1),
(45, 'admin', 'school13', 'admin@muzicskool.com', 1),
(46, 'test', 'test', 'a@a.com', 0),
(48, 'ESTHER', 'TAZJE11', 'esther.tayabas@yahoo.com', 0),
(49, 'JO ANN', '041209', 'joann.manapsala@yahoo.com', 0);

--
-- Constraints for dumped tables
--

--
-- Constraints for table `tbl_class_schedule`
--
ALTER TABLE `tbl_class_schedule`
  ADD CONSTRAINT `FK_enrollment` FOREIGN KEY (`enrollment_id`) REFERENCES `tbl_enrollment` (`id`) ON DELETE CASCADE;

/*!40101 SET CHARACTER_SET_CLIENT=@OLD_CHARACTER_SET_CLIENT */;
/*!40101 SET CHARACTER_SET_RESULTS=@OLD_CHARACTER_SET_RESULTS */;
/*!40101 SET COLLATION_CONNECTION=@OLD_COLLATION_CONNECTION */;
